timestamp,latitude,longitude,temperature_c,humidity_percent,wind_speed_kmh,rainfall_mm,iwv,cape,cloud_top_temp,thunderstorm_label,cloudburst_label,flash_flood_label
2025-06-01T00:00:00,20.2961,85.8245,28.29758912915246,90.31616510212274,13.6,6.24,41.97,930.87,-22.82,0,0,0
2025-06-01T01:00:00,20.2961,85.8245,27.60281073928923,78.36647510712832,12.22,0.65,50.63,1383.72,-30.66,0,0,0
2025-06-01T02:00:00,20.2961,85.8245,24.763088895994127,87.48115864875547,9.55,0.0,24.2,718.86,-32.49,0,0,0
2025-06-01T03:00:00,20.2961,85.8245,30.127094055037016,93.21099380386667,8.09,0.28,38.54,287.63,-34.11,0,0,0
2025-06-01T04:00:00,20.2961,85.8245,25.8268672131323,91.82621407275738,14.92,0.0,33.19,854.15,-20.18,0,0,0
2025-06-01T05:00:00,20.2961,85.8245,29.590583707607372,61.582955111868834,35.47,111.6,82.53,3280.68,-74.65,1,1,0
2025-06-01T06:00:00,20.2961,85.8245,26.35822620185868,64.93234787411669,6.92,6.87,29.93,208.35,-39.31,0,0,0
2025-06-01T07:00:00,20.2961,85.8245,27.12956781504512,90.20861990564578,13.76,7.47,42.66,1443.87,-28.96,0,0,0
2025-06-01T08:00:00,20.2961,85.8245,26.305376181632965,91.05244599017144,22.08,2.11,25.93,1549.82,-38.28,0,0,0
2025-06-01T09:00:00,20.2961,85.8245,30.014543755979957,78.2956490283698,23.97,7.86,29.7,962.1,-28.64,0,0,0
2025-06-01T10:00:00,20.2961,85.8245,29.05700099318645,74.36340230624704,20.42,0.0,34.81,969.57,-26.66,0,0,0
2025-06-01T11:00:00,20.2961,85.8245,32.474559958796085,88.128522691469,18.01,1.94,31.69,1371.86,-38.41,0,0,0
2025-06-01T12:00:00,20.2961,85.8245,27.896522827601714,88.63051680728725,13.46,1.45,48.97,1087.78,-29.61,0,0,0
2025-06-01T13:00:00,20.2961,85.8245,28.501817274946802,78.15767176101781,17.72,1.02,16.76,1172.76,-37.31,0,0,0
2025-06-01T14:00:00,20.2961,85.8245,26.02224146179043,81.33475168929638,8.56,2.91,30.46,1701.98,-48.39,0,0,0
2025-06-01T15:00:00,20.2961,85.8245,27.73550533898035,94.49776589387102,11.55,5.39,32.73,1001.97,-37.07,0,0,0
2025-06-01T16:00:00,20.2961,85.8245,33.152047156798034,82.17353987663131,10.19,0.0,44.14,425.1,-28.81,0,0,0
2025-06-01T17:00:00,20.2961,85.8245,31.620768246906138,77.92325704047484,25.24,0.53,30.95,1038.45,-27.61,0,0,0
2025-06-01T18:00:00,20.2961,85.8245,28.51718786941081,71.93732228675904,18.72,5.68,43.19,388.56,-42.32,0,0,0
2025-06-01T19:00:00,20.2961,85.8245,36.61748814880799,63.25859687320647,23.18,8.22,35.15,1278.06,-30.79,0,0,0
2025-06-01T20:00:00,20.2961,85.8245,32.65121239094033,65.65700499331149,18.71,9.5,26.48,1595.36,-41.94,0,0,0
2025-06-01T21:00:00,20.2961,85.8245,32.9753169845426,84.92627274716375,21.3,3.87,39.81,1423.7,-44.73,0,0,0
2025-06-01T22:00:00,20.2961,85.8245,31.82160675488603,63.27861687398324,17.55,6.85,31.99,434.79,-24.85,0,0,0
2025-06-01T23:00:00,20.2961,85.8245,30.613880011075988,80.19163596192257,22.26,7.39,27.04,614.11,-36.92,0,0,0
2025-06-02T00:00:00,20.2961,85.8245,28.58818454870655,92.91605045235201,15.25,0.0,26.75,982.74,-27.18,0,0,0
2025-06-02T01:00:00,20.2961,85.8245,27.973574862183856,65.93224613401324,21.27,0.74,37.01,1370.17,-28.78,0,0,0
2025-06-02T02:00:00,20.2961,85.8245,26.573189325828917,88.32764044174797,40.33,167.49,81.32,3179.23,-47.01,1,1,1
2025-06-02T03:00:00,20.2961,85.8245,29.021919118221895,84.56884070401962,23.62,3.12,40.44,1128.6,-28.02,0,0,0
2025-06-02T04:00:00,20.2961,85.8245,26.432213246511896,76.29593063463611,15.99,0.0,39.86,1088.09,-47.01,0,0,0
2025-06-02T05:00:00,20.2961,85.8245,27.9955482578158,86.94977435845138,9.64,0.93,23.69,1178.65,-34.36,0,0,0
2025-06-02T06:00:00,20.2961,85.8245,31.486297932814626,89.25930421792721,41.96,186.41,76.32,2145.89,-39.32,1,1,1
2025-06-02T07:00:00,20.2961,85.8245,24.16331807847643,83.1069081851206,16.91,1.33,31.83,1830.65,-37.54,0,0,0
2025-06-02T08:00:00,20.2961,85.8245,25.16024080021061,60.50377210204145,10.62,0.0,41.02,1825.68,-20.25,0,0,0
2025-06-02T09:00:00,20.2961,85.8245,28.68464448576076,73.94766570390807,7.23,2.9,36.1,1936.0,-42.46,0,0,0
2025-06-02T10:00:00,20.2961,85.8245,36.04399078535097,83.05427710666308,15.35,2.36,50.34,1661.63,-38.73,0,0,0
2025-06-02T11:00:00,20.2961,85.8245,32.84162228503239,76.03885116720308,3.62,6.24,36.38,1030.45,-33.99,0,0,0
2025-06-02T12:00:00,20.2961,85.8245,29.62279478385716,89.5706358839309,12.08,5.2,43.49,1035.49,-35.87,0,0,0
2025-06-02T13:00:00,20.2961,85.8245,30.743942402107173,69.87121003999573,17.17,7.76,33.02,822.26,-23.38,0,0,0
2025-06-02T14:00:00,20.2961,85.8245,32.48581195324032,91.58935173378484,23.05,50.03,70.29,2617.13,-71.08,1,0,0
2025-06-02T15:00:00,20.2961,85.8245,28.609570836896946,87.7052665304047,33.52,129.49,92.13,3347.81,-56.88,1,1,0
2025-06-02T16:00:00,20.2961,85.8245,31.411439154128775,65.00470887184926,13.15,0.0,32.41,995.59,-20.84,0,0,0
2025-06-02T17:00:00,20.2961,85.8245,31.61762477429144,62.96931999298172,18.35,0.83,42.91,1678.94,-33.37,0,0,0
2025-06-02T18:00:00,20.2961,85.8245,33.710096841628015,64.15862706938252,13.9,20.45,63.9,2848.03,-46.15,1,0,0
2025-06-02T19:00:00,20.2961,85.8245,30.205135166296824,90.40096948663111,14.35,5.6,40.58,586.38,-22.74,0,0,0
2025-06-02T20:00:00,20.2961,85.8245,30.493994873736348,84.35120411446161,15.15,3.49,39.79,1006.3,-41.18,0,0,0
2025-06-02T21:00:00,20.2961,85.8245,26.575105143934547,66.58424059033165,28.14,7.36,55.23,616.33,-33.53,0,0,0
2025-06-02T22:00:00,20.2961,85.8245,34.62851251764766,88.48282568974321,17.05,0.0,21.01,737.12,-33.8,0,0,0
2025-06-02T23:00:00,20.2961,85.8245,27.592473043685885,69.56924751757472,48.92,154.1,70.64,3515.39,-49.9,1,1,1
2025-06-03T00:00:00,20.2961,85.8245,28.57286154493612,78.21076953163276,25.76,127.91,73.84,2635.05,-54.29,1,1,0
2025-06-03T01:00:00,20.2961,85.8245,29.498264397524455,64.69053299577243,21.16,3.85,38.92,1775.63,-25.77,0,0,0
2025-06-03T02:00:00,20.2961,85.8245,33.333016375945434,91.6455543072812,4.61,0.83,49.91,1438.91,-37.74,0,0,0
2025-06-03T03:00:00,20.2961,85.8245,29.992101671191797,71.50630636006278,40.07,109.81,81.51,2782.42,-43.2,1,1,0
2025-06-03T04:00:00,20.2961,85.8245,25.822359434333144,65.91272720752576,22.73,31.73,49.67,3736.44,-60.4,1,0,0
2025-06-03T05:00:00,20.2961,85.8245,22.151592529877604,61.37592489443846,15.34,0.0,31.48,720.49,-36.53,0,0,0
2025-06-03T06:00:00,20.2961,85.8245,30.73851320464956,72.96652359769837,10.58,7.26,42.12,1602.32,-39.96,0,0,0
2025-06-03T07:00:00,20.2961,85.8245,26.036192462610376,68.48646762721553,40.76,24.29,79.67,3002.44,-74.25,1,0,0
2025-06-03T08:00:00,20.2961,85.8245,31.64491927084835,77.445476962517,25.12,0.0,31.95,288.87,-43.65,0,0,0
2025-06-03T09:00:00,20.2961,85.8245,28.428983965749175,72.70788037395224,8.78,10.62,38.62,569.36,-30.69,0,0,0
2025-06-03T10:00:00,20.2961,85.8245,27.53862384870591,69.97833090428465,11.1,0.0,45.41,1954.71,-30.5,0,0,0
2025-06-03T11:00:00,20.2961,85.8245,26.277309013875207,80.0064441314465,36.94,108.07,90.31,3255.25,-52.97,1,1,0
2025-06-03T12:00:00,20.2961,85.8245,20.777135466620894,64.01928886587213,16.68,0.18,45.46,619.13,-43.02,0,0,0
2025-06-03T13:00:00,20.2961,85.8245,24.166983170134337,71.78114973678723,31.7,0.0,25.81,1398.87,-32.86,0,0,0
2025-06-03T14:00:00,20.2961,85.8245,36.301544235207245,72.21038932900484,10.66,8.53,33.18,1380.13,-28.83,0,0,0
2025-06-03T15:00:00,20.2961,85.8245,29.341188380638943,67.05695620167106,14.28,5.44,39.36,1044.7,-22.36,0,0,0
2025-06-03T16:00:00,20.2961,85.8245,30.082335274020284,73.73557875979223,1.75,5.72,35.45,840.47,-26.72,0,0,0
2025-06-03T17:00:00,20.2961,85.8245,26.46936511326359,68.1274443301386,21.31,0.0,36.0,1650.53,-52.84,0,0,0
2025-06-03T18:00:00,20.2961,85.8245,29.860823783672895,78.67113821917125,32.09,33.03,60.5,3214.38,-61.15,1,0,0
2025-06-03T19:00:00,20.2961,85.8245,26.4317485222734,79.94613897049608,19.98,0.7,39.45,1124.11,-41.8,0,0,0
2025-06-03T20:00:00,20.2961,85.8245,26.06370885265308,65.24710995720709,13.38,8.19,41.83,1166.83,-39.08,0,0,0
2025-06-03T21:00:00,20.2961,85.8245,34.6303874376742,72.09935977263719,17.48,7.35,44.06,538.92,-24.15,0,0,0
2025-06-03T22:00:00,20.2961,85.8245,25.62353285810487,81.40089824021267,16.68,6.27,23.77,1748.02,-35.44,0,0,0
2025-06-03T23:00:00,20.2961,85.8245,30.414405071407987,81.23502662339996,10.26,5.41,38.88,1362.88,-33.21,0,0,0
2025-06-04T00:00:00,20.2961,85.8245,32.28257455541284,73.96509463545456,15.33,0.0,50.75,744.39,-36.01,0,0,0
2025-06-04T01:00:00,20.2961,85.8245,29.219953901565212,72.14336206636797,19.94,0.0,36.74,786.56,-48.24,0,0,0
2025-06-04T02:00:00,20.2961,85.8245,28.181829290756987,74.66239073265918,13.53,1.7,35.31,1834.51,-47.03,0,0,0
2025-06-04T03:00:00,20.2961,85.8245,25.68042227377499,94.89059881460815,13.39,12.24,36.15,1348.1,-25.99,0,0,0
2025-06-04T04:00:00,20.2961,85.8245,28.566918764228173,66.67407022322833,16.19,3.07,58.59,1029.61,-35.19,0,0,0
2025-06-04T05:00:00,20.2961,85.8245,33.511978965748064,75.42669614283798,13.47,0.0,37.74,728.29,-34.15,0,0,0
2025-06-04T06:00:00,20.2961,85.8245,26.666549937227373,74.30569598843337,6.55,1.29,47.97,0.0,-37.97,0,0,0
2025-06-04T07:00:00,20.2961,85.8245,30.468123683683753,68.33639733663543,11.85,6.61,45.49,1635.78,-44.03,0,0,0
2025-06-04T08:00:00,20.2961,85.8245,32.477989410092746,67.17445033955373,12.83,6.55,36.08,812.59,-31.45,0,0,0
2025-06-04T09:00:00,20.2961,85.8245,28.44529359067103,71.96360730942565,20.54,4.63,42.74,845.23,-45.01,0,0,0
2025-06-04T10:00:00,20.2961,85.8245,34.2643825459531,75.26442851973609,7.32,0.0,32.37,295.77,-30.15,0,0,0
2025-06-04T11:00:00,20.2961,85.8245,32.309905646049565,82.17173769391516,35.61,21.17,66.69,2917.03,-50.84,1,0,0
2025-06-04T12:00:00,20.2961,85.8245,30.655590965928504,82.79971359231524,5.22,0.0,33.02,790.93,-34.19,0,0,0
2025-06-04T13:00:00,20.2961,85.8245,30.53088916874697,85.83117657492296,22.3,51.86,55.53,3153.12,-38.14,1,0,0
2025-06-04T14:00:00,20.2961,85.8245,24.944946183151,70.39926004681112,9.46,0.0,39.49,622.31,-46.25,0,0,0
2025-06-04T15:00:00,20.2961,85.8245,31.100929638226972,69.17924155049388,9.85,5.47,30.4,2316.19,-33.52,0,0,0
2025-06-04T16:00:00,20.2961,85.8245,26.89047072462234,62.62982236075331,21.9,15.8,33.39,1061.0,-35.77,0,0,0
2025-06-04T17:00:00,20.2961,85.8245,27.312599672317198,84.31437647990494,19.25,0.0,37.72,1885.4,-20.5,0,0,0
2025-06-04T18:00:00,20.2961,85.8245,30.862016292652033,78.96653315824253,14.55,0.0,42.97,214.89,-36.98,0,0,0
2025-06-04T19:00:00,20.2961,85.8245,30.37754023768531,77.12987372750992,20.0,5.8,41.04,1305.29,-26.35,0,0,0
2025-06-04T20:00:00,20.2961,85.8245,32.15945855999871,71.16851656351395,35.4,43.33,71.0,4003.52,-73.14,1,0,0
2025-06-04T21:00:00,20.2961,85.8245,29.404954162459067,78.8821952331368,13.43,0.0,26.76,1250.52,-24.78,0,0,0
2025-06-04T22:00:00,20.2961,85.8245,30.756510382575737,90.45346058653254,6.9,7.34,32.8,1521.77,-32.74,0,0,0
2025-06-04T23:00:00,20.2961,85.8245,21.546165262742555,90.57869899652187,11.94,9.12,43.71,1023.51,-40.47,0,0,0
2025-06-05T00:00:00,20.2961,85.8245,26.585639250019025,70.37078421595965,13.2,0.0,24.55,120.7,-28.65,0,0,0
2025-06-05T01:00:00,20.2961,85.8245,26.523245470947618,93.06562078019937,14.01,0.0,22.53,396.3,-29.54,0,0,0
2025-06-05T02:00:00,20.2961,85.8245,29.221888892220704,67.71701731745614,5.58,8.84,56.48,668.05,-22.03,0,0,0
2025-06-05T03:00:00,20.2961,85.8245,25.479289378963625,84.36072163188273,12.76,0.52,42.44,688.56,-36.34,0,0,0
2025-06-05T04:00:00,20.2961,85.8245,31.813514904699932,63.20203930892142,29.14,0.0,40.75,811.72,-40.63,0,0,0
2025-06-05T05:00:00,20.2961,85.8245,29.31420589591439,73.044098095431,9.9,5.72,35.1,1291.9,-26.33,0,0,0
2025-06-05T06:00:00,20.2961,85.8245,25.817519612497712,89.7922419917069,19.17,0.0,45.07,524.66,-35.07,0,0,0
2025-06-05T07:00:00,20.2961,85.8245,25.604551573601913,69.34598945592975,22.94,9.03,10.15,564.89,-32.25,0,0,0
2025-06-05T08:00:00,20.2961,85.8245,31.14502104140342,84.41150115842493,17.43,7.66,39.92,1152.78,-31.63,0,0,0
2025-06-05T09:00:00,20.2961,85.8245,26.4993230381622,65.62659636169079,12.78,0.0,46.07,1765.84,-31.16,0,0,0
2025-06-05T10:00:00,20.2961,85.8245,24.53182082105208,93.7047201350648,45.5,189.96,77.43,2867.85,-58.07,1,1,1
2025-06-05T11:00:00,20.2961,85.8245,27.78600253007886,62.35727105140701,13.88,3.88,47.67,279.25,-31.73,0,0,0
2025-06-05T12:00:00,20.2961,85.8245,27.42258383806113,60.7743243035149,17.2,0.6,23.52,1482.51,-33.98,0,0,0
2025-06-05T13:00:00,20.2961,85.8245,27.780521369911213,82.90789249983973,28.67,142.17,71.66,1994.88,-53.28,1,1,1
2025-06-05T14:00:00,20.2961,85.8245,33.980410860344726,94.43921767859399,7.64,2.43,36.22,426.52,-29.93,0,0,0
2025-06-05T15:00:00,20.2961,85.8245,28.311792191808944,90.2525387443873,15.45,0.0,45.18,896.72,-40.35,0,0,0
2025-06-05T16:00:00,20.2961,85.8245,31.16762024087023,86.63583968300496,19.25,4.35,42.04,985.54,-36.84,0,0,0
2025-06-05T17:00:00,20.2961,85.8245,28.850700471052747,83.994785053014,8.82,9.25,30.45,1161.62,-31.07,0,0,0
2025-06-05T18:00:00,20.2961,85.8245,30.69410318760847,70.86266856232508,5.45,0.0,27.13,841.95,-35.11,0,0,0
2025-06-05T19:00:00,20.2961,85.8245,27.512401465978147,84.32436601442899,29.83,2.13,35.78,987.31,-40.51,0,0,0
2025-06-05T20:00:00,20.2961,85.8245,27.79013149408064,63.07532747006917,34.61,163.08,68.26,3337.43,-65.11,1,1,1
2025-06-05T21:00:00,20.2961,85.8245,25.812101667751694,88.0205344688179,16.17,2.1,35.85,956.93,-40.86,0,0,0
2025-06-05T22:00:00,20.2961,85.8245,30.073777186075304,84.99304262463497,25.87,4.38,34.05,777.51,-41.39,0,0,0
2025-06-05T23:00:00,20.2961,85.8245,32.951834680193556,78.42409313276396,13.81,3.57,33.36,1544.5,-27.4,0,0,0
2025-06-06T00:00:00,20.2961,85.8245,32.3879733126185,79.4377242828171,18.71,0.0,35.04,1102.27,-39.23,0,0,0
2025-06-06T01:00:00,20.2961,85.8245,29.63478491114118,69.01890109789248,11.99,0.0,30.53,1376.66,-30.49,0,0,0
2025-06-06T02:00:00,20.2961,85.8245,26.295197761893284,94.56773473076203,3.81,7.66,46.73,944.63,-28.01,0,0,0
2025-06-06T03:00:00,20.2961,85.8245,27.281694726354424,91.93271709658418,5.2,2.47,25.51,2000.87,-20.75,0,0,0
2025-06-06T04:00:00,20.2961,85.8245,26.94316915675458,77.22972497568122,44.5,68.74,59.96,2000.67,-46.5,1,0,0
2025-06-06T05:00:00,20.2961,85.8245,23.7808586636657,73.68785378281163,21.89,6.86,42.35,814.69,-57.79,0,0,0
2025-06-06T06:00:00,20.2961,85.8245,30.431122481669366,62.572386156550444,14.72,0.66,27.64,1580.41,-32.23,0,0,0
2025-06-06T07:00:00,20.2961,85.8245,27.715654517102262,84.7372025909906,5.66,7.98,38.61,358.5,-38.95,0,0,0
2025-06-06T08:00:00,20.2961,85.8245,30.290124941573207,90.38949481796405,17.29,1.39,35.21,825.37,-18.39,0,0,0
2025-06-06T09:00:00,20.2961,85.8245,29.1558376574219,64.27384699035093,19.37,2.64,35.93,901.83,-35.3,0,0,0
2025-06-06T10:00:00,20.2961,85.8245,30.03946542769398,78.04586100027376,20.5,3.39,43.86,959.64,-50.99,0,0,0
2025-06-06T11:00:00,20.2961,85.8245,25.839753310479033,93.06149768159082,32.22,136.58,91.5,3340.89,-71.34,1,1,0
2025-06-06T12:00:00,20.2961,85.8245,29.202495607625025,82.79315419645222,30.18,36.44,63.1,4419.43,-57.42,1,0,0
2025-06-06T13:00:00,20.2961,85.8245,30.265762262705856,85.84572232379642,16.93,2.68,40.42,622.86,-32.37,0,0,0
2025-06-06T14:00:00,20.2961,85.8245,31.103518226932696,75.24541601845266,18.58,8.95,36.05,1482.04,-44.82,0,0,0
2025-06-06T15:00:00,20.2961,85.8245,24.679847352217116,84.34135223414518,8.42,2.13,36.8,1062.79,-34.88,0,0,0
2025-06-06T16:00:00,20.2961,85.8245,32.029451268027906,76.22229153302004,24.85,0.0,30.07,0.0,-45.58,0,0,0
2025-06-06T17:00:00,20.2961,85.8245,24.063803759129325,78.67608913544075,6.66,0.0,45.85,837.58,-16.67,0,0,0
2025-06-06T18:00:00,20.2961,85.8245,29.84357427190813,92.44620906787074,19.55,5.97,49.07,1281.95,-28.17,0,0,0
2025-06-06T19:00:00,20.2961,85.8245,25.689232048352686,78.87064468363391,9.07,0.0,31.97,859.66,-35.79,0,0,0
2025-06-06T20:00:00,20.2961,85.8245,28.326100550008928,83.83912488877439,9.11,0.0,45.35,214.75,-27.47,0,0,0
2025-06-06T21:00:00,20.2961,85.8245,30.321424213881198,88.67161007993766,28.11,118.11,85.37,2983.77,-48.09,1,1,0
2025-06-06T22:00:00,20.2961,85.8245,28.097287941915923,74.8308388777067,48.35,56.72,56.03,2826.96,-64.49,1,0,0
2025-06-06T23:00:00,20.2961,85.8245,29.92946213068108,90.197897714013,7.87,0.0,32.61,1139.5,-17.84,0,0,0
2025-06-07T00:00:00,20.2961,85.8245,35.63156900477405,73.68170985669302,20.78,3.22,36.52,935.09,-36.18,0,0,0
2025-06-07T01:00:00,20.2961,85.8245,27.339235274876017,94.69395977957659,25.07,0.0,37.29,2289.85,-21.89,0,0,0
2025-06-07T02:00:00,20.2961,85.8245,25.9557298079214,72.42487070411781,11.51,1.1,42.55,1814.2,-36.63,0,0,0
2025-06-07T03:00:00,20.2961,85.8245,31.500586884826774,71.35168135903814,16.99,4.17,38.27,615.01,-47.45,0,0,0
2025-06-07T04:00:00,20.2961,85.8245,28.83269276702688,93.5168849576883,10.77,11.36,47.82,395.18,-31.65,0,0,0
2025-06-07T05:00:00,20.2961,85.8245,26.28827707560563,72.16500334836437,14.33,3.85,42.31,539.66,-46.31,0,0,0
2025-06-07T06:00:00,20.2961,85.8245,29.425150740919715,81.82549908009659,22.28,0.0,46.73,1304.57,-37.53,0,0,0
2025-06-07T07:00:00,20.2961,85.8245,31.87010695038375,70.6094924580865,19.25,3.67,39.54,845.44,-36.22,0,0,0
2025-06-07T08:00:00,20.2961,85.8245,22.54132822114255,78.04877996937742,8.38,0.0,31.71,334.38,-30.94,0,0,0
2025-06-07T09:00:00,20.2961,85.8245,28.129176367434045,88.20738900411675,20.51,3.41,37.95,1419.25,-35.79,0,0,0
2025-06-07T10:00:00,20.2961,85.8245,26.304596054626888,94.14635703009702,18.22,2.13,32.66,1496.02,-41.05,0,0,0
2025-06-07T11:00:00,20.2961,85.8245,30.673430919055587,77.58981267622049,23.34,2.87,46.69,1237.35,-28.46,0,0,0
2025-06-07T12:00:00,20.2961,85.8245,30.589078263070192,81.68557842142404,27.45,93.21,70.58,2608.66,-58.09,1,1,0
2025-06-07T13:00:00,20.2961,85.8245,27.76720653110245,70.61463016486584,11.62,0.0,30.27,1208.6,-35.5,0,0,0
2025-06-07T14:00:00,20.2961,85.8245,31.737305747777498,78.4464512369078,5.79,3.08,40.42,686.04,-40.83,0,0,0
2025-06-07T15:00:00,20.2961,85.8245,25.486874437472437,88.9638263448406,11.96,2.36,29.65,895.52,-27.09,0,0,0
2025-06-07T16:00:00,20.2961,85.8245,28.954420613690033,86.61014380927472,12.65,2.85,45.03,1381.1,-36.39,0,0,0
2025-06-07T17:00:00,20.2961,85.8245,35.181675849848155,63.43289032744856,3.24,0.0,38.87,440.68,-35.25,0,0,0
2025-06-07T18:00:00,20.2961,85.8245,27.665162719625986,76.08063689420953,1.18,8.84,28.46,979.96,-41.9,0,0,0
2025-06-07T19:00:00,20.2961,85.8245,27.77983075086025,61.34492221368137,5.41,8.71,40.28,1103.55,-43.97,0,0,0
2025-06-07T20:00:00,20.2961,85.8245,31.398497760512445,62.332821419624146,16.66,10.05,37.29,1460.67,-25.28,0,0,0
2025-06-07T21:00:00,20.2961,85.8245,29.270128512959857,85.07131858219388,13.63,3.44,28.47,1031.34,-21.22,0,0,0
2025-06-07T22:00:00,20.2961,85.8245,32.47344452607203,66.09382673669295,19.08,0.0,31.58,1649.41,-45.62,0,0,0
2025-06-07T23:00:00,20.2961,85.8245,32.93347665895432,67.19905417684443,18.64,0.0,40.26,646.07,-27.96,0,0,0
2025-06-08T00:00:00,20.2961,85.8245,29.115775820681097,82.9767512566026,33.15,154.11,88.45,2264.27,-49.23,1,1,0
2025-06-08T01:00:00,20.2961,85.8245,25.69037490283495,90.14794987272026,50.25,116.86,67.98,1999.1,-79.03,1,1,0
2025-06-08T02:00:00,20.2961,85.8245,31.203347100462963,66.21000693143974,20.33,9.07,44.7,593.18,-36.12,0,0,0
2025-06-08T03:00:00,20.2961,85.8245,30.73373154137453,77.70484425331401,19.88,2.53,40.61,1015.16,-35.69,0,0,0
2025-06-08T04:00:00,20.2961,85.8245,29.23528819705593,84.11098557175318,3.6,14.5,41.96,1361.81,-26.4,0,0,0
2025-06-08T05:00:00,20.2961,85.8245,28.941129542568575,85.42616002895517,13.5,0.0,40.63,1450.11,-31.18,0,0,0
2025-06-08T06:00:00,20.2961,85.8245,33.339511807839735,72.43845990400088,19.32,4.3,48.3,788.59,-46.2,0,0,0
2025-06-08T07:00:00,20.2961,85.8245,26.538968526407913,94.87170181695365,12.27,0.0,40.22,1727.41,-43.85,0,0,0
2025-06-08T08:00:00,20.2961,85.8245,33.37158727986874,84.34663512738824,4.81,5.95,31.46,0.0,-32.29,0,0,0
2025-06-08T09:00:00,20.2961,85.8245,28.111948318010306,80.2994325599846,28.29,3.91,47.33,713.5,-41.69,0,0,0
2025-06-08T10:00:00,20.2961,85.8245,31.483550287887255,77.43894887922087,11.25,11.15,52.89,1943.31,-27.35,0,0,0
2025-06-08T11:00:00,20.2961,85.8245,31.402809918888387,71.4867463763259,0.0,7.74,46.93,675.37,-29.54,0,0,0
2025-06-08T12:00:00,20.2961,85.8245,30.730274198579217,82.26620776478815,16.14,5.4,31.25,932.38,-45.92,0,0,0
2025-06-08T13:00:00,20.2961,85.8245,23.18791305057062,66.45666885967738,22.19,8.74,35.2,1130.83,-37.43,0,0,0
2025-06-08T14:00:00,20.2961,85.8245,29.51089508648718,76.90391052298743,17.35,122.76,67.64,2386.15,-56.46,1,1,0
2025-06-08T15:00:00,20.2961,85.8245,30.40632276822507,64.737392879719,11.39,11.31,37.78,1886.13,-38.66,0,0,0
2025-06-08T16:00:00,20.2961,85.8245,26.51935893788042,62.28781551475348,35.27,52.88,62.87,3302.98,-58.38,1,0,0
2025-06-08T17:00:00,20.2961,85.8245,25.920077795792807,61.829025775010834,33.16,62.04,49.12,3387.81,-67.45,1,0,0
2025-06-08T18:00:00,20.2961,85.8245,24.930254586129784,94.0201865371038,16.76,6.97,25.5,735.47,-45.03,0,0,0
2025-06-08T19:00:00,20.2961,85.8245,32.44591204828615,64.01691051542261,16.2,0.0,25.08,1582.37,-41.48,0,0,0
2025-06-08T20:00:00,20.2961,85.8245,29.258431649139123,76.96437004955165,10.03,3.88,41.43,1346.55,-37.94,0,0,0
2025-06-08T21:00:00,20.2961,85.8245,35.1724864091351,77.93759270696161,18.71,0.0,41.49,1451.97,-43.08,0,0,0
2025-06-08T22:00:00,20.2961,85.8245,26.14001417522386,78.1785050826378,12.1,0.0,36.54,1687.44,-41.39,0,0,0
2025-06-08T23:00:00,20.2961,85.8245,28.766488408961592,77.42343778120016,20.3,1.54,40.58,873.82,-47.51,0,0,0
2025-06-09T00:00:00,20.2961,85.8245,24.685166065047902,87.74990466618438,15.68,0.87,40.39,624.1,-25.81,0,0,0
2025-06-09T01:00:00,20.2961,85.8245,31.55832102536666,84.35646913590809,15.41,0.76,52.99,1540.02,-24.75,0,0,0
2025-06-09T02:00:00,20.2961,85.8245,30.270797196780382,81.53543087744308,9.27,1.33,32.85,1514.98,-38.23,0,0,0
2025-06-09T03:00:00,20.2961,85.8245,30.284921291622947,85.17737678292055,29.17,23.11,59.61,3198.13,-54.78,1,0,0
2025-06-09T04:00:00,20.2961,85.8245,30.052355527264428,76.49087646264852,25.85,4.35,31.56,1298.22,-32.57,0,0,0
2025-06-09T05:00:00,20.2961,85.8245,31.978065616738377,84.92049071157733,12.01,2.54,36.68,1652.98,-52.92,0,0,0
2025-06-09T06:00:00,20.2961,85.8245,32.77117987006728,72.3331231313379,19.58,0.0,33.48,794.65,-51.24,0,0,0
2025-06-09T07:00:00,20.2961,85.8245,26.629801024594165,84.0214518840134,17.23,3.19,37.18,1612.57,-33.92,0,0,0
2025-06-09T08:00:00,20.2961,85.8245,32.03763800316151,70.6858736843856,23.26,0.45,34.78,1262.13,-28.78,0,0,0
2025-06-09T09:00:00,20.2961,85.8245,31.502697997220483,90.25972633329346,26.93,31.06,71.29,2550.42,-51.37,1,0,0
2025-06-09T10:00:00,20.2961,85.8245,29.571499039337198,90.04195868796923,16.99,0.32,20.62,1423.71,-35.72,0,0,0
2025-06-09T11:00:00,20.2961,85.8245,32.257946348525095,69.85324194452255,9.39,6.69,42.1,870.23,-30.08,0,0,0
2025-06-09T12:00:00,20.2961,85.8245,28.090460651497175,80.94251195042156,14.88,1.88,40.94,1919.09,-37.79,0,0,0
2025-06-09T13:00:00,20.2961,85.8245,28.49353483042997,61.21345933542692,14.37,7.75,29.57,466.1,-21.32,0,0,0
2025-06-09T14:00:00,20.2961,85.8245,30.503282509819535,80.01203232169128,20.85,0.0,38.56,1580.94,-33.09,0,0,0
2025-06-09T15:00:00,20.2961,85.8245,33.120975635488875,68.31017139311822,42.12,45.25,38.02,3631.7,-73.52,1,0,0
2025-06-09T16:00:00,20.2961,85.8245,29.430017502818693,86.02578706617959,17.55,1.72,30.28,1015.08,-54.22,0,0,0
2025-06-09T17:00:00,20.2961,85.8245,22.376747250852294,64.90084341436612,12.36,2.47,56.33,1053.52,-36.47,0,0,0
2025-06-09T18:00:00,20.2961,85.8245,26.991769415502347,60.19270297061473,9.63,5.26,36.24,0.0,-44.92,0,0,0
2025-06-09T19:00:00,20.2961,85.8245,28.458530633205097,63.048246837852005,17.26,5.4,46.68,711.23,-13.15,0,0,0
2025-06-09T20:00:00,20.2961,85.8245,32.22843893792004,94.74858936496747,14.89,3.52,30.91,1134.33,-52.3,0,0,0
2025-06-09T21:00:00,20.2961,85.8245,28.45556501126241,81.27668249317463,19.99,0.0,34.81,673.55,-49.86,0,0,0
2025-06-09T22:00:00,20.2961,85.8245,30.028445487207872,75.96827781344398,10.75,3.72,45.37,728.81,-39.92,0,0,0
2025-06-09T23:00:00,20.2961,85.8245,28.495075298113793,83.75344848353977,18.07,10.61,30.89,846.56,-38.93,0,0,0
2025-06-10T00:00:00,20.2961,85.8245,30.90978897746549,91.58586575500446,17.29,4.03,47.41,133.01,-28.93,0,0,0
2025-06-10T01:00:00,20.2961,85.8245,27.543046471727983,64.3051153293311,31.07,0.0,38.47,627.61,-40.16,0,0,0
2025-06-10T02:00:00,20.2961,85.8245,31.536804543400855,83.55383178380514,17.83,7.28,22.32,1366.32,-24.7,0,0,0
2025-06-10T03:00:00,20.2961,85.8245,30.466075858127653,92.08223325444226,18.17,1.67,30.45,452.71,-23.53,0,0,0
2025-06-10T04:00:00,20.2961,85.8245,31.338700181721144,73.10935104570424,24.51,0.0,23.45,653.41,-25.63,0,0,0
2025-06-10T05:00:00,20.2961,85.8245,28.51596736504462,71.92114583034521,15.3,0.0,35.97,392.77,-38.44,0,0,0
2025-06-10T06:00:00,20.2961,85.8245,32.817462339796215,94.58125881544572,5.23,8.55,36.8,643.12,-44.47,0,0,0
2025-06-10T07:00:00,20.2961,85.8245,27.57288420880641,76.04830531086617,28.23,109.38,84.24,2039.14,-64.99,1,1,0
2025-06-10T08:00:00,20.2961,85.8245,30.108926576594282,78.95966843435014,38.85,149.0,79.93,3782.3,-58.45,1,1,1
2025-06-10T09:00:00,20.2961,85.8245,27.13745720524665,71.98567925921496,10.27,0.0,43.1,1250.42,-39.34,0,0,0
2025-06-10T10:00:00,20.2961,85.8245,26.241846225240728,74.06225802290135,27.44,0.0,22.17,1373.96,-33.09,0,0,0
2025-06-10T11:00:00,20.2961,85.8245,28.682154937087592,79.00586043851821,12.21,0.0,46.81,1979.17,-31.03,0,0,0
2025-06-10T12:00:00,20.2961,85.8245,27.825054297734628,87.79737318922919,16.85,8.43,40.03,1233.85,-34.22,0,0,0
2025-06-10T13:00:00,20.2961,85.8245,28.845818829234542,73.13654677718607,21.76,4.89,42.97,815.19,-35.23,0,0,0
2025-06-10T14:00:00,20.2961,85.8245,38.41324560097998,90.29520009685933,2.19,0.02,30.75,673.12,-24.0,0,0,0
2025-06-10T15:00:00,20.2961,85.8245,29.268742043765748,63.82424736083675,18.33,5.61,37.56,1142.78,-29.84,0,0,0
2025-06-10T16:00:00,20.2961,85.8245,29.584208584156325,76.6895213911236,18.94,5.97,36.44,1566.89,-58.52,0,0,0
2025-06-10T17:00:00,20.2961,85.8245,24.86114550563321,69.75659553450936,9.17,0.0,46.99,1473.76,-31.74,0,0,0
2025-06-10T18:00:00,20.2961,85.8245,30.29576763402182,86.91229737376743,11.15,6.63,45.63,1256.54,-30.87,0,0,0
2025-06-10T19:00:00,20.2961,85.8245,26.354376046316847,74.26400608613508,14.84,4.76,47.51,1354.15,-26.44,0,0,0
2025-06-10T20:00:00,20.2961,85.8245,29.639881122118815,77.52184938246462,3.64,0.0,32.6,927.74,-37.46,0,0,0
2025-06-10T21:00:00,20.2961,85.8245,26.180290696673406,92.52298187711489,10.39,0.0,43.27,1468.79,-41.1,0,0,0
2025-06-10T22:00:00,20.2961,85.8245,25.282224815439584,81.86743519762908,46.59,173.84,86.23,2747.15,-67.87,1,1,1
2025-06-10T23:00:00,20.2961,85.8245,30.516410477499882,78.2059462308763,17.86,7.04,39.68,754.18,-42.79,0,0,0
2025-06-11T00:00:00,20.2961,85.8245,27.77215268566069,61.90162121880164,10.83,2.87,41.14,745.52,-49.15,0,0,0
2025-06-11T01:00:00,20.2961,85.8245,29.465572051576938,60.13369729305041,13.03,3.0,31.42,1560.52,-35.07,0,0,0
2025-06-11T02:00:00,20.2961,85.8245,26.542226420835508,70.96717711548001,6.92,0.0,44.6,566.43,-37.43,0,0,0
2025-06-11T03:00:00,20.2961,85.8245,28.690334741202513,84.0456743276135,17.34,7.25,40.1,1096.79,-36.1,0,0,0
2025-06-11T04:00:00,20.2961,85.8245,32.70839216541865,61.68651043376537,32.9,136.86,66.63,3844.25,-47.06,1,1,0
2025-06-11T05:00:00,20.2961,85.8245,28.371642303052774,72.94346395955118,6.35,0.0,41.26,937.51,-34.86,0,0,0
2025-06-11T06:00:00,20.2961,85.8245,35.31141827638223,82.80739161670468,25.51,45.33,66.12,3260.02,-50.57,1,0,0
2025-06-11T07:00:00,20.2961,85.8245,30.915175776825148,69.365743685479,29.91,22.32,50.35,3424.73,-38.53,1,0,0
2025-06-11T08:00:00,20.2961,85.8245,21.770335498679575,60.347333739474244,19.67,1.91,25.8,433.09,-56.11,0,0,0
2025-06-11T09:00:00,20.2961,85.8245,26.829611573389137,78.24536166789485,21.32,13.09,42.3,979.16,-33.27,0,0,0
2025-06-11T10:00:00,20.2961,85.8245,29.766720961137107,60.047376900041385,2.03,7.9,36.1,1096.12,-40.94,0,0,0
2025-06-11T11:00:00,20.2961,85.8245,26.191134102779685,62.2993200634028,1.36,6.35,45.91,324.28,-29.58,0,0,0
2025-06-11T12:00:00,20.2961,85.8245,28.87649156926235,67.8883443802368,40.09,132.95,72.33,3214.84,-59.03,1,1,0
2025-06-11T13:00:00,20.2961,85.8245,29.739514335296015,82.2584147507305,8.33,9.41,35.0,841.14,-30.54,0,0,0
2025-06-11T14:00:00,20.2961,85.8245,30.399075123339003,91.15493980886052,13.6,0.0,50.64,492.45,-45.06,0,0,0
2025-06-11T15:00:00,20.2961,85.8245,29.554221736687172,83.78671164572877,5.35,0.0,35.44,1075.88,-18.28,0,0,0
2025-06-11T16:00:00,20.2961,85.8245,33.600301103888974,65.80124229370546,1.73,2.1,36.48,821.28,-24.02,0,0,0
2025-06-11T17:00:00,20.2961,85.8245,30.38651799824583,80.77463273825751,5.41,0.85,26.61,866.67,-30.29,0,0,0
2025-06-11T18:00:00,20.2961,85.8245,30.46361685461322,85.14159113802015,11.15,5.13,39.52,669.01,-34.85,0,0,0
2025-06-11T19:00:00,20.2961,85.8245,30.06684004635698,60.42360908716376,23.9,0.0,43.76,353.36,-31.22,0,0,0
2025-06-11T20:00:00,20.2961,85.8245,29.797634688956144,61.02094172758426,12.18,7.41,28.0,1302.26,-38.62,0,0,0
2025-06-11T21:00:00,20.2961,85.8245,28.456327480345692,72.4992405755176,44.55,191.99,94.25,3446.3,-61.07,1,1,1
2025-06-11T22:00:00,20.2961,85.8245,31.192292357199573,92.13836803364029,7.73,0.0,32.52,1395.31,-27.86,0,0,0
2025-06-11T23:00:00,20.2961,85.8245,30.753238941417454,80.30310921343091,15.64,0.96,38.11,523.03,-29.51,0,0,0
2025-06-12T00:00:00,20.2961,85.8245,31.764950335773378,76.67175066553845,13.87,0.0,50.94,1052.18,-45.64,0,0,0
2025-06-12T01:00:00,20.2961,85.8245,27.73771461895684,62.49053998107015,20.32,0.0,26.39,993.96,-32.09,0,0,0
2025-06-12T02:00:00,20.2961,85.8245,25.786838961052855,82.9127740403084,22.41,5.18,17.17,1099.47,-31.77,0,0,0
2025-06-12T03:00:00,20.2961,85.8245,27.53831430765934,74.57980399688023,17.09,0.48,23.77,1159.83,-35.65,0,0,0
2025-06-12T04:00:00,20.2961,85.8245,25.55361789452403,89.69488826816837,19.08,0.0,32.59,1017.08,-43.69,0,0,0
2025-06-12T05:00:00,20.2961,85.8245,30.386182679755688,91.56790688622024,12.21,8.97,24.19,661.22,-42.85,0,0,0
2025-06-12T06:00:00,20.2961,85.8245,26.57520283507722,65.85624564003712,15.51,11.69,33.22,1711.18,-27.17,0,0,0
2025-06-12T07:00:00,20.2961,85.8245,26.005818118056762,63.58805874232661,21.31,6.25,41.35,1700.8,-47.02,0,0,0
2025-06-12T08:00:00,20.2961,85.8245,31.662966277621507,76.16006503345918,18.21,6.03,53.97,2554.96,-36.47,0,0,0
2025-06-12T09:00:00,20.2961,85.8245,27.14824044035923,72.08696832857107,20.03,6.33,39.84,1248.87,-31.63,0,0,0
2025-06-12T10:00:00,20.2961,85.8245,31.006224966777538,65.70623679260568,14.97,5.29,41.52,1389.47,-21.6,0,0,0
2025-06-12T11:00:00,20.2961,85.8245,27.92891239758017,88.59948497054548,5.89,1.53,43.56,1424.55,-35.57,0,0,0
2025-06-12T12:00:00,20.2961,85.8245,30.262918833168168,88.00012186172884,19.19,3.04,42.01,1024.89,-40.28,0,0,0
2025-06-12T13:00:00,20.2961,85.8245,27.823962080242612,87.88384890169803,19.16,0.61,20.77,1548.58,-41.9,0,0,0
2025-06-12T14:00:00,20.2961,85.8245,29.430165402026752,70.06714551652874,12.78,9.06,43.47,317.02,-32.91,0,0,0
2025-06-12T15:00:00,20.2961,85.8245,33.6011831297495,87.43159448694375,11.22,0.0,29.77,323.66,-26.1,0,0,0
2025-06-12T16:00:00,20.2961,85.8245,27.3551381105282,69.72484716313993,32.43,91.37,79.6,2554.98,-43.1,1,1,0
2025-06-12T17:00:00,20.2961,85.8245,27.159917562445152,74.79550229128763,24.08,0.0,33.94,165.77,-34.38,0,0,0
2025-06-12T18:00:00,20.2961,85.8245,28.615874881176165,82.9864622216095,4.52,0.0,29.13,169.38,-40.3,0,0,0
2025-06-12T19:00:00,20.2961,85.8245,26.561816129244704,82.69766870415408,16.18,2.58,38.7,1197.97,-33.51,0,0,0
2025-06-12T20:00:00,20.2961,85.8245,24.39042915516865,93.13568051231884,18.93,0.0,47.52,1506.84,-27.59,0,0,0
2025-06-12T21:00:00,20.2961,85.8245,34.08616537535589,80.40241198814921,9.81,11.32,36.28,1138.4,-29.2,0,0,0
2025-06-12T22:00:00,20.2961,85.8245,30.261357431742674,94.19524340536302,12.69,2.45,35.38,188.22,-31.02,0,0,0
2025-06-12T23:00:00,20.2961,85.8245,27.682982147386316,85.32067362475004,5.37,4.58,31.08,929.54,-33.48,0,0,0
2025-06-13T00:00:00,20.2961,85.8245,26.080273059882398,66.97446177633803,19.85,10.84,38.13,956.62,-24.68,0,0,0
2025-06-13T01:00:00,20.2961,85.8245,28.097590063349212,83.55050840093278,25.23,0.0,40.87,1283.97,-41.96,0,0,0
2025-06-13T02:00:00,20.2961,85.8245,31.044018509556828,78.2507158458408,23.5,0.0,41.26,1226.27,-33.35,0,0,0
2025-06-13T03:00:00,20.2961,85.8245,29.85460593047125,91.33711312036093,4.69,3.77,36.52,690.22,-28.87,0,0,0
2025-06-13T04:00:00,20.2961,85.8245,25.948028276607786,75.4890930185161,19.98,13.71,46.86,1320.59,-41.0,0,0,0
2025-06-13T05:00:00,20.2961,85.8245,29.01227902302637,92.44887201004497,10.86,0.6,42.31,1092.12,-49.19,0,0,0
2025-06-13T06:00:00,20.2961,85.8245,27.52292577801946,62.46721809751006,10.8,11.75,40.02,811.93,-43.15,0,0,0
2025-06-13T07:00:00,20.2961,85.8245,29.98993838287057,70.84324063628641,10.83,3.68,42.34,480.57,-33.68,0,0,0
2025-06-13T08:00:00,20.2961,85.8245,27.59959064392241,70.7728541088261,21.29,0.0,38.8,170.12,-30.74,0,0,0
2025-06-13T09:00:00,20.2961,85.8245,22.579202363666063,66.78520737779124,21.39,6.54,28.84,318.31,-34.93,0,0,0
2025-06-13T10:00:00,20.2961,85.8245,33.77271471471355,65.61278921419101,12.66,3.87,41.34,1423.5,-33.68,0,0,0
2025-06-13T11:00:00,20.2961,85.8245,34.23391751977604,62.92440181287414,15.67,0.0,30.1,1267.39,-29.05,0,0,0
2025-06-13T12:00:00,20.2961,85.8245,24.418340232585876,68.58733099581738,15.63,0.0,35.75,1212.48,-37.3,0,0,0
2025-06-13T13:00:00,20.2961,85.8245,30.33510759234857,74.55212862331626,15.68,0.0,36.83,703.54,-40.59,0,0,0
2025-06-13T14:00:00,20.2961,85.8245,25.10849413434537,90.46844381942844,15.0,8.43,48.73,0.0,-26.56,0,0,0
2025-06-13T15:00:00,20.2961,85.8245,26.631663919277038,84.22257764585291,12.99,4.26,42.39,2109.6,-42.34,0,0,0
2025-06-13T16:00:00,20.2961,85.8245,29.778720684440664,87.74653397504845,0.0,2.34,34.22,357.78,-33.59,0,0,0
2025-06-13T17:00:00,20.2961,85.8245,31.51471063871342,85.32052818242192,8.42,13.14,37.63,617.5,-27.33,0,0,0
2025-06-13T18:00:00,20.2961,85.8245,28.439391209448804,75.79529395602393,2.49,4.81,47.96,1066.01,-32.29,0,0,0
2025-06-13T19:00:00,20.2961,85.8245,26.905413400725173,91.562090999118,13.89,2.55,40.67,851.19,-26.81,0,0,0
2025-06-13T20:00:00,20.2961,85.8245,27.320772579213553,73.14141249632752,16.15,5.48,35.79,1470.35,-34.65,0,0,0
2025-06-13T21:00:00,20.2961,85.8245,24.587273728437204,72.93509697993706,7.47,0.0,35.64,1673.09,-40.51,0,0,0
2025-06-13T22:00:00,20.2961,85.8245,35.33040674625687,88.15731248511378,13.75,9.45,52.09,858.58,-27.26,0,0,0
2025-06-13T23:00:00,20.2961,85.8245,30.87221424535843,64.91135813677303,19.51,9.98,40.15,1756.5,-31.68,0,0,0
2025-06-14T00:00:00,20.2961,85.8245,28.646377806255213,91.7879971045113,15.91,0.0,46.59,1763.09,-30.77,0,0,0
2025-06-14T01:00:00,20.2961,85.8245,32.32978878764101,76.5872427040636,26.19,6.92,42.33,1720.86,-32.52,0,0,0
2025-06-14T02:00:00,20.2961,85.8245,26.9378470637279,91.7743479859237,10.45,0.0,30.1,1466.62,-43.06,0,0,0
2025-06-14T03:00:00,20.2961,85.8245,27.737183342923146,87.8684507689479,21.94,4.11,27.02,1015.52,-38.83,0,0,0
2025-06-14T04:00:00,20.2961,85.8245,32.31518218940873,66.68243047750752,6.47,3.49,45.41,450.72,-35.42,0,0,0
2025-06-14T05:00:00,20.2961,85.8245,30.61153528287728,86.62979658257736,21.27,0.0,29.89,1350.59,-30.06,0,0,0
2025-06-14T06:00:00,20.2961,85.8245,30.474626362631927,61.36427622313956,13.0,0.7,30.4,1717.37,-35.53,0,0,0
2025-06-14T07:00:00,20.2961,85.8245,30.93388473895309,62.353956988857874,12.19,6.35,28.12,1582.33,-37.34,0,0,0
2025-06-14T08:00:00,20.2961,85.8245,27.48863124768819,60.78490612067193,14.42,4.84,47.29,594.37,-32.47,0,0,0
2025-06-14T09:00:00,20.2961,85.8245,31.07564343456526,86.75236852527496,7.79,0.0,47.72,701.22,-29.88,0,0,0
2025-06-14T10:00:00,20.2961,85.8245,29.991720177876307,80.33326329608627,20.8,8.36,48.68,1314.87,-18.84,0,0,0
2025-06-14T11:00:00,20.2961,85.8245,29.477476835996317,82.73281253976066,48.84,28.47,72.28,2903.75,-69.36,1,0,0
2025-06-14T12:00:00,20.2961,85.8245,27.48275988721419,73.05929164478343,26.72,0.04,43.0,1442.62,-34.01,0,0,0
2025-06-14T13:00:00,20.2961,85.8245,27.544082493896394,80.97557406488032,10.55,8.06,53.7,1001.85,-24.27,0,0,0
2025-06-14T14:00:00,20.2961,85.8245,30.027013503468865,87.26859052385254,12.99,12.94,42.5,560.09,-39.25,0,0,0
2025-06-14T15:00:00,20.2961,85.8245,30.674418543555518,74.06605199617556,15.26,5.07,50.43,1426.99,-31.29,0,0,0
2025-06-14T16:00:00,20.2961,85.8245,33.71905917564457,61.81962731921976,25.53,4.93,39.93,424.49,-36.64,0,0,0
2025-06-14T17:00:00,20.2961,85.8245,30.868133671700807,91.01327023596228,8.22,3.98,37.41,774.17,-41.07,0,0,0
2025-06-14T18:00:00,20.2961,85.8245,31.46103203783737,92.8287831001863,27.86,191.62,89.64,3323.14,-60.08,1,1,1
2025-06-14T19:00:00,20.2961,85.8245,28.14537351989099,65.15464472432318,12.05,2.12,36.35,626.71,-47.39,0,0,0
2025-06-14T20:00:00,20.2961,85.8245,25.87386676327069,64.53876423784824,7.78,7.37,37.51,1239.72,-40.2,0,0,0
2025-06-14T21:00:00,20.2961,85.8245,27.327730840675038,71.99258012828825,18.57,0.72,31.84,351.94,-33.55,0,0,0
2025-06-14T22:00:00,20.2961,85.8245,29.903322017575228,77.69280661364525,12.84,5.87,37.75,575.79,-49.29,0,0,0
2025-06-14T23:00:00,20.2961,85.8245,26.500831828997725,88.7833423914874,14.52,2.52,40.8,497.97,-49.21,0,0,0
2025-06-15T00:00:00,20.2961,85.8245,31.4424552863548,90.1771040780366,26.0,11.69,37.07,682.22,-37.57,0,0,0
2025-06-15T01:00:00,20.2961,85.8245,24.784430459589274,77.23991747636542,14.71,1.61,41.15,36.16,-28.24,0,0,0
2025-06-15T02:00:00,20.2961,85.8245,26.226602035611336,86.6856435536204,4.78,7.76,47.98,969.0,-37.93,0,0,0
2025-06-15T03:00:00,20.2961,85.8245,28.522864368799848,79.34317937218619,28.31,12.52,36.05,850.08,-21.99,0,0,0
2025-06-15T04:00:00,20.2961,85.8245,26.4882127068509,66.3993222954086,11.47,4.08,49.82,416.11,-43.78,0,0,0
2025-06-15T05:00:00,20.2961,85.8245,27.460410906459813,63.04560264059761,22.31,0.0,33.61,1416.67,-33.24,0,0,0
2025-06-15T06:00:00,20.2961,85.8245,31.044078531328843,90.59251206568148,8.39,0.34,47.44,1097.05,-31.13,0,0,0
2025-06-15T07:00:00,20.2961,85.8245,30.375160110654452,72.29267855720732,11.18,5.67,31.29,556.66,-25.17,0,0,0
2025-06-15T08:00:00,20.2961,85.8245,28.438012944780876,76.32047945289366,16.75,0.0,37.75,545.16,-40.34,0,0,0
2025-06-15T09:00:00,20.2961,85.8245,33.16501333462534,65.9747927159368,11.84,0.0,33.15,1228.84,-39.0,0,0,0
2025-06-15T10:00:00,20.2961,85.8245,40.77871311930898,61.22190434296783,18.05,6.84,39.13,0.0,-33.28,0,0,0
2025-06-15T11:00:00,20.2961,85.8245,27.72729099980587,61.73650306685931,14.73,1.56,21.33,1862.35,-32.7,0,0,0
2025-06-15T12:00:00,20.2961,85.8245,25.609791982878928,73.72327519166004,12.5,0.0,33.44,1164.75,-29.0,0,0,0
2025-06-15T13:00:00,20.2961,85.8245,34.54582649988923,87.13354181422322,39.61,20.77,54.53,2498.32,-56.34,1,0,0
2025-06-15T14:00:00,20.2961,85.8245,24.613325780930474,71.11423950901559,19.17,5.53,32.38,397.65,-33.43,0,0,0
2025-06-15T15:00:00,20.2961,85.8245,32.11513296429545,94.6538096130403,20.95,0.0,40.65,1266.7,-42.85,0,0,0
2025-06-15T16:00:00,20.2961,85.8245,25.24586526071782,92.74195797346235,10.08,2.46,29.29,360.31,-41.39,0,0,0
2025-06-15T17:00:00,20.2961,85.8245,30.454636044596395,68.63305155318923,14.67,0.0,34.25,422.65,-32.61,0,0,0
2025-06-15T18:00:00,20.2961,85.8245,29.49998506117197,86.49668401445189,20.19,7.12,54.61,813.86,-28.47,0,0,0
2025-06-15T19:00:00,20.2961,85.8245,30.78178020326793,69.50716134460293,13.38,0.0,43.08,441.29,-47.43,0,0,0
2025-06-15T20:00:00,20.2961,85.8245,34.13800313851571,77.24868545864886,16.38,0.0,33.98,753.62,-50.08,0,0,0
2025-06-15T21:00:00,20.2961,85.8245,25.974007996499516,79.8311840616912,42.16,46.35,64.4,2707.0,-65.88,1,0,0
2025-06-15T22:00:00,20.2961,85.8245,29.280117122829953,76.23935943584107,14.26,0.0,43.86,1144.36,-42.68,0,0,0
2025-06-15T23:00:00,20.2961,85.8245,29.232441555556587,79.87910040606282,9.29,3.36,50.13,1301.06,-36.7,0,0,0
2025-06-16T00:00:00,20.2961,85.8245,34.66306297202057,81.48896072138314,12.52,0.0,40.67,922.37,-41.88,0,0,0
2025-06-16T01:00:00,20.2961,85.8245,32.97738994262657,72.68959287956831,14.44,8.41,41.89,226.35,-38.77,0,0,0
2025-06-16T02:00:00,20.2961,85.8245,30.65522239973276,88.29420086127918,12.29,0.0,33.33,1519.19,-57.66,0,0,0
2025-06-16T03:00:00,20.2961,85.8245,30.347656163855103,61.14306712745736,16.14,0.0,34.71,1576.95,-38.11,0,0,0
2025-06-16T04:00:00,20.2961,85.8245,30.340617502408094,62.395765839810586,15.35,5.27,18.09,670.88,-42.86,0,0,0
2025-06-16T05:00:00,20.2961,85.8245,29.67264921287238,79.2732182804298,11.48,6.05,30.3,896.69,-33.74,0,0,0
2025-06-16T06:00:00,20.2961,85.8245,26.87167699271736,72.42141892202939,6.77,5.13,47.27,831.87,-25.42,0,0,0
2025-06-16T07:00:00,20.2961,85.8245,27.81295786473121,88.95557524080361,7.79,0.22,51.88,571.61,-33.36,0,0,0
2025-06-16T08:00:00,20.2961,85.8245,29.055204892350314,86.33392588063258,48.24,121.56,75.01,3530.46,-61.17,1,1,0
2025-06-16T09:00:00,20.2961,85.8245,29.822082058016257,78.91037861266075,13.21,11.13,53.92,1175.47,-39.02,0,0,0
2025-06-16T10:00:00,20.2961,85.8245,27.580204859500853,77.9933404892941,18.93,6.66,36.14,1582.31,-36.71,0,0,0
2025-06-16T11:00:00,20.2961,85.8245,26.92354336376933,83.48826049800917,24.05,1.87,43.38,117.7,-35.68,0,0,0
2025-06-16T12:00:00,20.2961,85.8245,32.263219529701246,92.84854242155956,22.69,3.37,48.77,762.83,-37.69,0,0,0
2025-06-16T13:00:00,20.2961,85.8245,32.78395430555014,65.98277408472968,1.51,0.0,41.55,424.07,-43.23,0,0,0
2025-06-16T14:00:00,20.2961,85.8245,30.03306730786387,60.829771377558146,8.2,0.0,49.97,762.01,-36.8,0,0,0
2025-06-16T15:00:00,20.2961,85.8245,27.440074734777433,61.00283496521791,15.5,0.03,35.01,746.36,-35.85,0,0,0
2025-06-16T16:00:00,20.2961,85.8245,27.488459741525368,94.08301446750023,15.58,0.0,36.54,1015.54,-26.96,0,0,0
2025-06-16T17:00:00,20.2961,85.8245,31.34021089217319,61.77005863384801,13.55,0.0,24.13,1170.48,-27.52,0,0,0
2025-06-16T18:00:00,20.2961,85.8245,27.353752599755545,67.3894079895313,30.48,33.54,64.11,2875.6,-57.82,1,0,0
2025-06-16T19:00:00,20.2961,85.8245,29.32822541549891,88.19013152549952,7.58,0.0,14.74,812.59,-48.05,0,0,0
2025-06-16T20:00:00,20.2961,85.8245,23.744513579744844,61.98381512580424,8.07,0.7,33.15,1227.95,-40.56,0,0,0
2025-06-16T21:00:00,20.2961,85.8245,31.328083741530428,83.53343451520962,21.91,29.2,65.66,2527.13,-51.3,1,0,0
2025-06-16T22:00:00,20.2961,85.8245,26.912415739565674,83.49447888301964,17.89,1.12,42.13,1486.5,-25.54,0,0,0
2025-06-16T23:00:00,20.2961,85.8245,29.67124495872292,76.3688424369707,21.32,6.03,34.99,896.84,-26.08,0,0,0
2025-06-17T00:00:00,20.2961,85.8245,29.6291398975921,92.70515635637045,21.87,0.0,27.49,1883.33,-41.28,0,0,0
2025-06-17T01:00:00,20.2961,85.8245,26.82726040382498,90.29468341102712,18.98,10.35,45.42,1271.41,-32.64,0,0,0
2025-06-17T02:00:00,20.2961,85.8245,31.751945484076327,75.0171829255933,24.74,7.51,34.38,1447.36,-21.49,0,0,0
2025-06-17T03:00:00,20.2961,85.8245,25.051189876777702,67.65498611172887,18.71,6.64,45.34,617.07,-43.3,0,0,0
2025-06-17T04:00:00,20.2961,85.8245,30.60045523047358,60.478884516623836,13.75,1.57,46.58,1162.72,-51.92,0,0,0
2025-06-17T05:00:00,20.2961,85.8245,22.3807434548488,70.35762103028156,23.66,3.38,36.52,839.15,-37.18,0,0,0
2025-06-17T06:00:00,20.2961,85.8245,29.00150019510089,81.03192019806801,10.36,11.11,39.75,1038.57,-19.39,0,0,0
2025-06-17T07:00:00,20.2961,85.8245,32.10994048825777,84.42414749268096,9.01,0.0,43.03,880.25,-37.24,0,0,0
2025-06-17T08:00:00,20.2961,85.8245,29.757769782137274,69.51840957893695,14.31,8.91,38.89,1076.22,-25.71,0,0,0
2025-06-17T09:00:00,20.2961,85.8245,25.263218265156336,71.99558238997675,21.99,9.06,43.22,431.16,-21.12,0,0,0
2025-06-17T10:00:00,20.2961,85.8245,29.830168917764947,84.92479660582117,12.73,10.68,31.92,1143.57,-40.26,0,0,0
2025-06-17T11:00:00,20.2961,85.8245,37.2979388433178,79.21054805399099,18.65,3.12,27.62,621.07,-37.4,0,0,0
2025-06-17T12:00:00,20.2961,85.8245,27.142781790448375,66.19139327883944,13.3,0.0,49.35,205.59,-39.76,0,0,0
2025-06-17T13:00:00,20.2961,85.8245,32.043936159318235,74.09463023480961,11.63,8.34,37.75,1137.37,-34.27,0,0,0
2025-06-17T14:00:00,20.2961,85.8245,29.979872652695402,84.26977448197081,9.5,0.0,47.65,1570.93,-38.19,0,0,0
2025-06-17T15:00:00,20.2961,85.8245,33.31833714545941,60.89913757042929,19.47,3.0,46.29,1409.86,-26.33,0,0,0
2025-06-17T16:00:00,20.2961,85.8245,28.279541563077526,80.49556893554144,24.94,97.98,61.8,2192.23,-55.32,1,1,0
2025-06-17T17:00:00,20.2961,85.8245,27.232185044632082,68.83091744743905,14.99,8.52,25.61,1128.99,-31.2,0,0,0
2025-06-17T18:00:00,20.2961,85.8245,24.973616754544654,66.64776477601463,23.4,10.95,45.31,227.14,-30.41,0,0,0
2025-06-17T19:00:00,20.2961,85.8245,32.69000171815745,73.85780291685825,8.84,6.53,42.02,1898.18,-36.94,0,0,0
2025-06-17T20:00:00,20.2961,85.8245,27.97727636796176,93.92626342994626,11.88,6.39,35.72,1795.29,-36.1,0,0,0
2025-06-17T21:00:00,20.2961,85.8245,26.06083632584958,75.47116973258932,45.41,165.64,71.25,2755.7,-68.76,1,1,1
2025-06-17T22:00:00,20.2961,85.8245,25.414118709202267,80.36078265974153,14.54,5.0,33.79,1088.88,-33.95,0,0,0
2025-06-17T23:00:00,20.2961,85.8245,26.81518339278016,62.049785684958685,18.04,1.6,24.54,487.99,-42.72,0,0,0
2025-06-18T00:00:00,20.2961,85.8245,27.30815753582527,62.77480996209171,21.64,4.06,55.32,1595.27,-26.78,0,0,0
2025-06-18T01:00:00,20.2961,85.8245,28.77300318702251,80.84879384565353,14.56,0.0,44.89,1069.53,-41.42,0,0,0
2025-06-18T02:00:00,20.2961,85.8245,30.709281071595942,92.93080593457215,17.95,14.36,42.04,1744.56,-38.24,0,0,0
2025-06-18T03:00:00,20.2961,85.8245,35.14058658715867,93.26864873340432,13.67,6.41,41.49,0.0,-33.99,0,0,0
2025-06-18T04:00:00,20.2961,85.8245,28.558923729707452,91.58411466387362,11.7,12.96,32.6,798.46,-41.66,0,0,0
2025-06-18T05:00:00,20.2961,85.8245,30.254617267663917,72.35860111284363,17.56,0.0,27.66,733.92,-35.62,0,0,0
2025-06-18T06:00:00,20.2961,85.8245,33.03867726860825,93.52810509741482,17.8,5.22,40.02,1692.27,-26.19,0,0,0
2025-06-18T07:00:00,20.2961,85.8245,29.87814644642556,81.15257619001699,7.27,5.87,56.18,1444.52,-45.21,0,0,0
2025-06-18T08:00:00,20.2961,85.8245,26.585100557442317,66.45606678709592,14.33,6.48,39.13,1794.31,-44.13,0,0,0
2025-06-18T09:00:00,20.2961,85.8245,35.15891607350499,89.37013128247634,0.0,2.36,34.18,372.43,-39.48,0,0,0
2025-06-18T10:00:00,20.2961,85.8245,32.070591932556034,93.10898114459597,36.77,75.98,73.56,1790.59,-37.6,1,1,0
2025-06-18T11:00:00,20.2961,85.8245,29.393062286236095,73.37488161913993,16.91,0.0,34.1,1410.48,-34.04,0,0,0
2025-06-18T12:00:00,20.2961,85.8245,28.029686397366188,71.73800621761119,0.0,0.0,31.69,1051.04,-20.84,0,0,0
2025-06-18T13:00:00,20.2961,85.8245,27.301614234177297,66.26610731045544,6.64,0.0,38.88,1253.71,-25.93,0,0,0
2025-06-18T14:00:00,20.2961,85.8245,25.063452567416654,94.738011705669,9.62,0.0,42.97,1520.09,-13.84,0,0,0
2025-06-18T15:00:00,20.2961,85.8245,23.893596800075894,90.32481142388951,24.24,194.05,78.41,3464.34,-56.2,1,1,1
2025-06-18T16:00:00,20.2961,85.8245,32.31221182784615,94.87842080795167,1.74,1.75,39.28,816.88,-43.56,0,0,0
2025-06-18T17:00:00,20.2961,85.8245,25.49377691452062,74.64363366824168,23.21,0.0,41.19,585.8,-37.27,0,0,0
2025-06-18T18:00:00,20.2961,85.8245,24.925364994421415,67.35375175193231,30.42,0.0,47.14,133.73,-32.89,0,0,0
2025-06-18T19:00:00,20.2961,85.8245,34.33596537961475,85.72588151664382,18.69,0.0,47.64,687.95,-31.53,0,0,0
2025-06-18T20:00:00,20.2961,85.8245,24.57728816331377,70.08645840858352,25.86,1.01,35.9,2220.75,-39.9,0,0,0
2025-06-18T21:00:00,20.2961,85.8245,27.91968214208544,91.38011304641536,36.4,102.91,71.71,2935.03,-66.65,1,1,0
2025-06-18T22:00:00,20.2961,85.8245,32.93595121572184,91.95645134114496,13.22,4.12,39.83,1537.16,-27.77,0,0,0
2025-06-18T23:00:00,20.2961,85.8245,25.801295204302324,80.57970703123415,10.11,0.0,27.84,1143.48,-40.11,0,0,0
2025-06-19T00:00:00,20.2961,85.8245,26.245619049750275,88.4153143403633,10.83,3.36,53.36,388.55,-45.35,0,0,0
2025-06-19T01:00:00,20.2961,85.8245,32.439322611202186,68.08782985060736,33.54,46.01,76.5,3798.34,-75.03,1,0,0
2025-06-19T02:00:00,20.2961,85.8245,32.45182265177921,68.36732344262603,15.0,0.63,35.79,1225.45,-37.93,0,0,0
2025-06-19T03:00:00,20.2961,85.8245,29.562616353241886,87.36618195489115,18.36,0.0,44.33,1392.91,-48.54,0,0,0
2025-06-19T04:00:00,20.2961,85.8245,26.53559141291105,80.12712007105851,17.29,2.52,44.08,1527.21,-31.66,0,0,0
2025-06-19T05:00:00,20.2961,85.8245,31.292315888984284,74.18638762264337,22.74,0.0,38.18,269.54,-49.24,0,0,0
2025-06-19T06:00:00,20.2961,85.8245,26.921735426905872,62.18509645472231,39.83,61.8,59.03,2209.93,-55.04,1,0,0
2025-06-19T07:00:00,20.2961,85.8245,29.63821932757298,90.05443424356008,16.55,0.0,30.08,982.5,-43.91,0,0,0
2025-06-19T08:00:00,20.2961,85.8245,30.092420888163986,77.5202761100791,15.9,5.22,41.26,1275.4,-41.61,0,0,0
2025-06-19T09:00:00,20.2961,85.8245,29.937134631399715,93.33353633395535,17.24,1.2,39.28,2106.27,-40.82,0,0,0
2025-06-19T10:00:00,20.2961,85.8245,30.01606195376507,64.60904162026725,14.15,6.66,47.54,371.07,-30.28,0,0,0
2025-06-19T11:00:00,20.2961,85.8245,29.218622294046547,85.11127467141692,14.61,0.0,46.24,1436.16,-28.44,0,0,0
2025-06-19T12:00:00,20.2961,85.8245,32.687644352891155,85.2134399505256,16.07,0.0,47.53,958.14,-38.15,0,0,0
2025-06-19T13:00:00,20.2961,85.8245,31.518405513555216,89.35988516664241,18.2,9.38,57.88,1132.39,-36.21,0,0,0
2025-06-19T14:00:00,20.2961,85.8245,29.99782253097259,91.02331266860496,11.57,7.36,47.75,1528.68,-37.52,0,0,0
2025-06-19T15:00:00,20.2961,85.8245,29.922838004567588,73.75926293724777,14.16,0.0,46.52,1726.31,-41.7,0,0,0
2025-06-19T16:00:00,20.2961,85.8245,22.602213121535492,90.79701193544551,16.69,0.0,41.39,1019.72,-45.53,0,0,0
2025-06-19T17:00:00,20.2961,85.8245,34.10951782975411,74.77672818582373,20.97,2.09,63.94,2153.96,-35.85,0,0,0
2025-06-19T18:00:00,20.2961,85.8245,22.05156841109337,86.32400164439412,7.8,5.48,33.02,1291.37,-26.44,0,0,0
2025-06-19T19:00:00,20.2961,85.8245,28.52191330356228,74.65433001646895,12.25,6.97,21.85,1072.53,-35.98,0,0,0
2025-06-19T20:00:00,20.2961,85.8245,28.455490513593,72.20911676105206,9.03,4.61,32.28,1260.64,-33.66,0,0,0
2025-06-19T21:00:00,20.2961,85.8245,27.65532615109955,75.54641924074284,22.52,0.07,49.43,262.93,-32.37,0,0,0
2025-06-19T22:00:00,20.2961,85.8245,28.966723988154193,68.70117096146572,16.93,4.39,38.83,2021.04,-35.18,0,0,0
2025-06-19T23:00:00,20.2961,85.8245,27.341237487898095,88.96332928838359,18.99,0.0,39.81,1008.81,-24.57,0,0,0
2025-06-20T00:00:00,20.2961,85.8245,25.31466850620271,91.68546496536804,4.01,0.0,31.74,620.15,-31.23,0,0,0
2025-06-20T01:00:00,20.2961,85.8245,25.48329873969008,87.4106500823294,8.74,2.25,21.4,956.97,-37.61,0,0,0
2025-06-20T02:00:00,20.2961,85.8245,27.762758545350557,89.88800087496486,18.52,3.91,40.53,557.38,-24.57,0,0,0
2025-06-20T03:00:00,20.2961,85.8245,25.952363519030065,73.76622346348161,9.04,2.18,38.06,837.19,-33.3,0,0,0
2025-06-20T04:00:00,20.2961,85.8245,23.09448735968584,85.88142316335545,15.21,0.0,28.26,1079.73,-30.89,0,0,0
2025-06-20T05:00:00,20.2961,85.8245,23.62068064239627,69.58958348144901,7.41,0.0,30.05,1210.1,-34.22,0,0,0
2025-06-20T06:00:00,20.2961,85.8245,29.807884257742202,91.06141290745089,26.44,206.88,67.85,3533.56,-68.89,1,1,1
2025-06-20T07:00:00,20.2961,85.8245,24.731075224214983,65.19773735752882,21.22,1.99,47.46,1240.45,-39.23,0,0,0
2025-06-20T08:00:00,20.2961,85.8245,26.870633023299394,82.49782746772082,11.31,0.0,47.9,1189.88,-37.48,0,0,0
2025-06-20T09:00:00,20.2961,85.8245,24.700544556425864,66.30555267064167,14.1,8.45,50.87,1414.11,-38.7,0,0,0
2025-06-20T10:00:00,20.2961,85.8245,30.7740477252752,62.82032843002798,6.63,1.17,48.37,446.42,-36.21,0,0,0
2025-06-20T11:00:00,20.2961,85.8245,26.81461513495897,90.95675546588657,33.7,31.2,51.81,3543.83,-62.85,1,0,0
2025-06-20T12:00:00,20.2961,85.8245,30.787106750526544,86.59382804499359,13.52,0.65,50.36,2207.11,-38.43,0,0,0
2025-06-20T13:00:00,20.2961,85.8245,23.990396999978806,86.03668155557531,13.56,6.09,41.05,932.04,-22.92,0,0,0
2025-06-20T14:00:00,20.2961,85.8245,20.300318659175005,91.83419655542484,11.54,4.49,36.86,1393.52,-35.81,0,0,0
2025-06-20T15:00:00,20.2961,85.8245,28.342904556942567,87.7877296708148,21.91,0.29,50.11,1199.01,-26.47,0,0,0
2025-06-20T16:00:00,20.2961,85.8245,32.28109292207432,74.06566949328588,13.0,6.92,39.28,1285.7,-30.03,0,0,0
2025-06-20T17:00:00,20.2961,85.8245,30.463716335222557,79.09935890845591,8.19,0.0,33.57,1969.99,-24.67,0,0,0
2025-06-20T18:00:00,20.2961,85.8245,21.2347501033874,67.20930125569366,22.16,32.5,55.64,3007.77,-43.38,1,0,0
2025-06-20T19:00:00,20.2961,85.8245,33.584094078163496,86.94113179999805,19.03,0.0,45.68,1231.24,-33.62,0,0,0
2025-06-20T20:00:00,20.2961,85.8245,26.68229375373128,80.90593324157491,12.9,9.25,38.48,1194.16,-45.66,0,0,0
2025-06-20T21:00:00,20.2961,85.8245,30.284558743431727,75.06212863302702,18.23,0.94,33.22,0.0,-27.69,0,0,0
2025-06-20T22:00:00,20.2961,85.8245,27.165844257834117,71.27236373185053,11.52,13.92,42.12,582.86,-30.44,0,0,0
2025-06-20T23:00:00,20.2961,85.8245,31.306519027906692,61.84893402276527,15.3,0.0,46.93,1093.21,-19.88,0,0,0
2025-06-21T00:00:00,20.2961,85.8245,32.871933382767644,73.2908091687577,27.09,4.56,33.13,1181.56,-50.12,0,0,0
2025-06-21T01:00:00,20.2961,85.8245,33.34191709817542,83.33399781623795,18.04,4.78,40.78,1043.35,-33.47,0,0,0
2025-06-21T02:00:00,20.2961,85.8245,22.753703890433037,88.18110390761319,16.46,18.76,48.9,1820.31,-43.99,0,0,0
2025-06-21T03:00:00,20.2961,85.8245,31.25329836352193,76.6169152115278,13.88,33.12,82.23,2716.96,-64.83,1,0,0
2025-06-21T04:00:00,20.2961,85.8245,34.113953017784404,94.03614865097657,14.36,3.15,42.77,883.85,-37.16,0,0,0
2025-06-21T05:00:00,20.2961,85.8245,28.619791892642283,89.31153818665712,10.44,2.5,57.13,1188.55,-47.77,0,0,0
2025-06-21T06:00:00,20.2961,85.8245,26.977428318985318,61.27613677889664,15.71,10.88,32.28,695.05,-34.77,0,0,0
2025-06-21T07:00:00,20.2961,85.8245,27.343825994667796,79.98174688132507,14.63,0.4,47.42,893.71,-47.65,0,0,0
2025-06-21T08:00:00,20.2961,85.8245,28.020129532743297,76.87060689219264,32.01,112.99,77.13,3196.05,-67.04,1,1,0
2025-06-21T09:00:00,20.2961,85.8245,26.933343372273782,79.57263461189604,41.91,35.57,55.68,3661.88,-56.92,1,0,0
2025-06-21T10:00:00,20.2961,85.8245,27.379690719203644,90.79432117795137,34.54,53.12,54.11,2444.32,-74.56,1,0,0
2025-06-21T11:00:00,20.2961,85.8245,27.101359175345625,76.59552810576778,34.18,32.04,70.41,3557.15,-50.21,1,0,0
2025-06-21T12:00:00,20.2961,85.8245,28.68562424931582,75.60389424394556,26.47,103.66,79.12,1772.59,-63.5,1,1,1
2025-06-21T13:00:00,20.2961,85.8245,31.28096562604957,64.67934790398027,13.76,3.4,38.64,1032.68,-41.87,0,0,0
2025-06-21T14:00:00,20.2961,85.8245,25.343854013975374,86.78607048338853,9.53,5.79,39.34,1208.7,-36.39,0,0,0
2025-06-21T15:00:00,20.2961,85.8245,25.7319500102435,93.16901619724979,35.15,192.46,84.35,3897.42,-60.66,1,1,1
2025-06-21T16:00:00,20.2961,85.8245,35.350240464438954,67.99159383290137,8.49,0.06,32.59,452.82,-23.65,0,0,0
2025-06-21T17:00:00,20.2961,85.8245,23.95526870069768,80.41575368644716,8.05,0.0,36.84,839.72,-35.79,0,0,0
2025-06-21T18:00:00,20.2961,85.8245,21.137987120956844,84.2102039947141,15.82,11.49,51.47,1500.01,-40.45,0,0,0
2025-06-21T19:00:00,20.2961,85.8245,20.860272097509764,76.62879277261425,34.54,55.68,61.5,3296.98,-63.3,1,0,0
2025-06-21T20:00:00,20.2961,85.8245,32.3833407519017,79.24010393071589,14.64,0.43,41.11,952.59,-33.05,0,0,0
2025-06-21T21:00:00,20.2961,85.8245,29.25250469055709,87.30168304640152,27.2,137.05,81.5,2615.01,-66.69,1,1,1
2025-06-21T22:00:00,20.2961,85.8245,30.47451694174035,85.21598595119647,38.14,134.07,72.69,2442.18,-64.64,1,1,1
2025-06-21T23:00:00,20.2961,85.8245,26.851869691172478,60.94873283176816,29.09,0.61,31.23,707.55,-32.12,0,0,0
2025-06-22T00:00:00,20.2961,85.8245,27.512365483969553,77.81356641477166,29.92,54.02,69.58,2936.24,-83.31,1,0,0
2025-06-22T01:00:00,20.2961,85.8245,24.285265763962467,63.043845708957654,29.74,124.65,57.55,3055.74,-47.48,1,1,1
2025-06-22T02:00:00,20.2961,85.8245,29.07429061428741,75.74802859941009,13.08,7.23,36.72,1215.03,-33.83,0,0,0
2025-06-22T03:00:00,20.2961,85.8245,27.993800238863514,81.39695796867042,28.82,207.5,94.96,3548.72,-35.16,1,1,1
2025-06-22T04:00:00,20.2961,85.8245,23.269364213640593,76.94605612571925,9.89,1.02,48.29,695.01,-44.05,0,0,0
2025-06-22T05:00:00,20.2961,85.8245,26.836446329445632,69.12972360867312,10.44,8.37,40.84,1683.12,-39.37,0,0,0
2025-06-22T06:00:00,20.2961,85.8245,29.59638376501656,85.13049623444505,21.34,3.36,14.76,1295.71,-31.23,0,0,0
2025-06-22T07:00:00,20.2961,85.8245,30.638820828672998,78.41329046380397,42.05,93.18,77.97,2526.88,-70.65,1,1,0
2025-06-22T08:00:00,20.2961,85.8245,25.760791036172456,71.22567538090499,6.85,2.34,29.03,1464.7,-39.19,0,0,0
2025-06-22T09:00:00,20.2961,85.8245,24.464349741310357,85.885341202761,39.33,154.95,71.99,2943.01,-56.2,1,1,1
2025-06-22T10:00:00,20.2961,85.8245,24.41849643023106,64.397522234431,22.24,0.0,42.07,784.85,-36.67,0,0,0
2025-06-22T11:00:00,20.2961,85.8245,31.110283750361926,73.68210993944068,9.16,0.88,30.12,603.74,-45.92,0,0,0
2025-06-22T12:00:00,20.2961,85.8245,23.762877701421043,90.04130286076003,15.27,2.02,32.96,1365.98,-38.72,0,0,0
2025-06-22T13:00:00,20.2961,85.8245,27.99034223036548,74.3213905610471,15.93,0.0,34.73,1502.96,-25.98,0,0,0
2025-06-22T14:00:00,20.2961,85.8245,31.701599231994773,85.44564844549468,11.43,0.0,47.76,461.66,-26.71,0,0,0
2025-06-22T15:00:00,20.2961,85.8245,27.063283783893816,69.61330544257669,17.84,6.77,43.45,423.15,-33.4,0,0,0
2025-06-22T16:00:00,20.2961,85.8245,32.07532745774532,61.79079272559166,26.69,7.71,21.49,841.32,-33.46,0,0,0
2025-06-22T17:00:00,20.2961,85.8245,29.142480404754927,76.23948961041333,2.78,0.0,37.62,208.91,-39.49,0,0,0
2025-06-22T18:00:00,20.2961,85.8245,31.040661081430073,82.53677849737176,18.55,4.14,41.23,1357.94,-37.59,0,0,0
2025-06-22T19:00:00,20.2961,85.8245,29.097221040020408,62.85065245119057,11.85,0.02,40.21,1597.74,-18.22,0,0,0
2025-06-22T20:00:00,20.2961,85.8245,30.938018561343654,63.650958057315876,20.97,0.0,24.06,726.98,-33.92,0,0,0
2025-06-22T21:00:00,20.2961,85.8245,29.528569467508078,62.634755082808574,15.94,4.48,19.03,2021.03,-41.21,0,0,0
2025-06-22T22:00:00,20.2961,85.8245,30.755898309549014,84.86230252493164,15.88,0.0,33.14,797.82,-46.46,0,0,0
2025-06-22T23:00:00,20.2961,85.8245,26.107399785730266,94.14606717048284,39.08,56.21,55.96,3187.68,-73.41,1,0,0
2025-06-23T00:00:00,20.2961,85.8245,28.785059342565056,88.92366090601944,11.75,4.76,48.64,1660.53,-41.97,0,0,0
2025-06-23T01:00:00,20.2961,85.8245,28.831597151121244,70.90785208291271,19.66,2.48,35.02,1924.18,-40.08,0,0,0
2025-06-23T02:00:00,20.2961,85.8245,27.994701563602298,83.17812554153576,1.85,2.66,32.02,1021.79,-33.16,0,0,0
2025-06-23T03:00:00,20.2961,85.8245,29.326411129116224,90.43935596980718,13.07,0.0,30.07,1460.3,-38.0,0,0,0
2025-06-23T04:00:00,20.2961,85.8245,30.587918635371718,74.74553085716776,20.97,0.0,36.99,1483.66,-35.62,0,0,0
2025-06-23T05:00:00,20.2961,85.8245,22.929038065963496,86.48262922733396,18.58,1.94,40.49,210.66,-25.57,0,0,0
2025-06-23T06:00:00,20.2961,85.8245,27.122346407295545,60.6124374895586,15.74,0.54,27.81,1167.51,-38.88,0,0,0
2025-06-23T07:00:00,20.2961,85.8245,23.874037258572123,60.931292812718944,21.57,0.31,38.77,703.34,-27.06,0,0,0
2025-06-23T08:00:00,20.2961,85.8245,30.889942521042602,64.41385495875187,8.66,10.79,43.98,1699.3,-30.84,0,0,0
2025-06-23T09:00:00,20.2961,85.8245,32.729702991438394,84.6147029706358,26.2,0.0,41.06,597.62,-31.27,0,0,0
2025-06-23T10:00:00,20.2961,85.8245,28.75715538126847,80.29274953415343,16.2,7.49,43.1,1224.95,-45.95,0,0,0
2025-06-23T11:00:00,20.2961,85.8245,28.96482949037242,65.04840073913363,20.18,0.33,42.16,591.04,-40.23,0,0,0
2025-06-23T12:00:00,20.2961,85.8245,26.351103804659672,86.41896104268159,17.83,0.0,38.03,1811.09,-29.6,0,0,0
2025-06-23T13:00:00,20.2961,85.8245,25.86915676959309,79.76079284516125,8.82,4.15,33.94,70.29,-35.36,0,0,0
2025-06-23T14:00:00,20.2961,85.8245,26.77167546641387,70.55554044557431,40.3,43.6,58.05,3849.27,-66.54,1,0,0
2025-06-23T15:00:00,20.2961,85.8245,30.0321617646904,82.52001323310658,12.5,2.11,33.29,532.2,-42.3,0,0,0
2025-06-23T16:00:00,20.2961,85.8245,32.43287920567982,69.31354789880581,22.08,5.48,34.1,1537.17,-18.4,0,0,0
2025-06-23T17:00:00,20.2961,85.8245,26.36457859597382,94.29844065753974,18.0,3.84,37.58,724.51,-27.44,0,0,0
2025-06-23T18:00:00,20.2961,85.8245,31.29872892512153,75.05499562338892,13.69,4.08,43.94,681.21,-37.43,0,0,0
2025-06-23T19:00:00,20.2961,85.8245,28.827827890995373,91.9272882873534,14.4,4.85,23.43,701.17,-30.33,0,0,0
2025-06-23T20:00:00,20.2961,85.8245,28.098602153837888,65.11337979394621,14.52,7.36,49.15,1419.67,-42.73,0,0,0
2025-06-23T21:00:00,20.2961,85.8245,29.65790701160131,91.83475495831054,9.62,0.0,33.7,1327.7,-21.25,0,0,0
2025-06-23T22:00:00,20.2961,85.8245,29.042447794897274,94.21033644714043,23.71,7.26,44.33,714.68,-44.83,0,0,0
2025-06-23T23:00:00,20.2961,85.8245,28.335390207248786,94.3484166984448,10.5,7.04,33.23,850.41,-39.68,0,0,0
2025-06-24T00:00:00,20.2961,85.8245,26.046397848554097,66.08872970661685,40.89,38.0,51.04,4627.57,-53.98,1,0,0
2025-06-24T01:00:00,20.2961,85.8245,29.030053770498213,88.56198649900132,15.86,2.02,48.91,310.6,-39.89,0,0,0
2025-06-24T02:00:00,20.2961,85.8245,24.568955411556715,74.60840296301657,25.38,7.63,49.0,842.45,-33.17,0,0,0
2025-06-24T03:00:00,20.2961,85.8245,29.067351236832984,80.53106080915961,20.36,77.47,70.04,3419.92,-52.25,1,1,0
2025-06-24T04:00:00,20.2961,85.8245,34.1786796369069,68.15566375388921,12.28,2.92,47.17,0.0,-35.85,0,0,0
2025-06-24T05:00:00,20.2961,85.8245,30.275963924990332,69.04051501946573,21.58,0.0,40.85,1630.76,-40.86,0,0,0
2025-06-24T06:00:00,20.2961,85.8245,25.33903793016807,94.84758118360222,18.14,0.0,41.09,1418.88,-58.31,0,0,0
2025-06-24T07:00:00,20.2961,85.8245,33.16707308888829,80.51824245732666,13.65,7.07,21.86,0.0,-33.97,0,0,0
2025-06-24T08:00:00,20.2961,85.8245,30.879840911789213,75.64059683201536,31.02,119.09,61.34,3319.5,-53.78,1,1,0
2025-06-24T09:00:00,20.2961,85.8245,30.20207551125712,78.10452594140087,16.19,1.38,32.47,1343.78,-44.27,0,0,0
2025-06-24T10:00:00,20.2961,85.8245,31.194803306475322,87.18874785340984,7.45,0.0,28.12,1478.78,-33.38,0,0,0
2025-06-24T11:00:00,20.2961,85.8245,32.390659315512444,68.3649188074043,20.39,0.0,46.26,1781.95,-41.31,0,0,0
2025-06-24T12:00:00,20.2961,85.8245,29.812509547501865,87.65291374900032,13.24,0.0,32.78,197.45,-44.98,0,0,0
2025-06-24T13:00:00,20.2961,85.8245,27.12325808693588,74.01248193939408,22.71,0.0,34.13,1061.83,-27.32,0,0,0
2025-06-24T14:00:00,20.2961,85.8245,30.642967315757577,88.17917230641328,17.94,2.54,37.02,1294.12,-22.55,0,0,0
2025-06-24T15:00:00,20.2961,85.8245,31.9342156018913,93.61283711177455,26.24,3.63,34.29,1384.62,-44.42,0,0,0
2025-06-24T16:00:00,20.2961,85.8245,35.33704912845726,62.52746148673158,2.8,3.99,38.3,863.25,-30.86,0,0,0
2025-06-24T17:00:00,20.2961,85.8245,26.114345413382154,90.53380971741852,17.44,2.56,38.28,1998.43,-22.29,0,0,0
2025-06-24T18:00:00,20.2961,85.8245,27.04669130895779,88.12927081570558,16.16,3.11,29.33,1178.86,-30.55,0,0,0
2025-06-24T19:00:00,20.2961,85.8245,35.08321907944418,74.62944299274197,26.99,0.23,13.2,1064.33,-31.94,0,0,0
2025-06-24T20:00:00,20.2961,85.8245,26.56407754311957,87.61198870380534,16.5,4.96,42.68,814.89,-40.29,0,0,0
2025-06-24T21:00:00,20.2961,85.8245,32.06960292004396,74.96396493758992,16.57,6.91,43.29,367.62,-42.73,0,0,0
2025-06-24T22:00:00,20.2961,85.8245,29.079660061398407,77.25439486603312,50.13,42.41,64.68,3490.01,-53.79,1,0,0
2025-06-24T23:00:00,20.2961,85.8245,26.06450136240018,80.04703784079882,4.86,4.4,29.24,0.0,-32.67,0,0,0
2025-06-25T00:00:00,20.2961,85.8245,27.800365283994886,79.30993302069885,24.11,111.07,78.27,2178.62,-55.97,1,1,0
2025-06-25T01:00:00,20.2961,85.8245,26.56707309822283,86.58320520509304,9.84,2.5,31.99,0.0,-31.99,0,0,0
2025-06-25T02:00:00,20.2961,85.8245,32.46590123456508,67.17427314890688,10.95,2.72,43.3,534.85,-37.69,0,0,0
2025-06-25T03:00:00,20.2961,85.8245,32.472659575025936,93.0318233774205,23.28,41.01,52.06,2728.75,-44.29,1,0,0
2025-06-25T04:00:00,20.2961,85.8245,25.848130034516597,94.61938616880568,20.54,3.42,37.5,1120.62,-28.62,0,0,0
2025-06-25T05:00:00,20.2961,85.8245,29.27893773958823,69.96361585962623,3.53,5.94,44.95,406.83,-30.04,0,0,0
2025-06-25T06:00:00,20.2961,85.8245,28.57505424196962,88.06390649564302,19.11,0.0,48.81,673.16,-34.39,0,0,0
2025-06-25T07:00:00,20.2961,85.8245,36.647029126153164,93.11654128969414,0.0,0.19,20.57,735.27,-31.17,0,0,0
2025-06-25T08:00:00,20.2961,85.8245,28.575422739899157,70.54114554490755,15.78,7.35,47.45,2171.83,-27.41,0,0,0
2025-06-25T09:00:00,20.2961,85.8245,28.891008175872976,64.97634817355731,16.15,2.62,32.5,324.72,-48.48,0,0,0
2025-06-25T10:00:00,20.2961,85.8245,29.698604262280696,71.15860630055516,7.53,18.38,39.18,738.93,-24.12,0,0,0
2025-06-25T11:00:00,20.2961,85.8245,33.12174315563435,92.81184103396866,20.96,0.0,27.28,1216.11,-27.26,0,0,0
2025-06-25T12:00:00,20.2961,85.8245,33.82856199732792,74.07911447892397,27.11,64.08,55.93,2600.44,-57.67,1,0,0
2025-06-25T13:00:00,20.2961,85.8245,27.015521768215585,65.36945088361809,22.25,1.73,37.96,671.29,-42.73,0,0,0
2025-06-25T14:00:00,20.2961,85.8245,30.81011951884196,63.703175869978,9.59,4.9,26.99,274.73,-38.56,0,0,0
2025-06-25T15:00:00,20.2961,85.8245,31.569765325659052,73.25461744534057,15.68,9.66,30.83,1151.72,-49.89,0,0,0
2025-06-25T16:00:00,20.2961,85.8245,26.3029623338471,86.49243957944549,15.59,7.45,41.37,1500.83,-32.07,0,0,0
2025-06-25T17:00:00,20.2961,85.8245,26.427297277561568,71.81169659995402,14.55,6.26,28.9,1182.24,-27.94,0,0,0
2025-06-25T18:00:00,20.2961,85.8245,30.414057472483186,64.21686378534638,20.82,13.73,37.59,876.56,-27.84,0,0,0
2025-06-25T19:00:00,20.2961,85.8245,27.217653108536048,72.25024039656125,13.26,4.95,36.53,1094.12,-34.99,0,0,0
2025-06-25T20:00:00,20.2961,85.8245,27.789686904135927,88.94037465106767,21.14,0.0,55.64,1599.67,-28.7,0,0,0
2025-06-25T21:00:00,20.2961,85.8245,29.594394953407626,93.83067695781608,21.35,0.0,50.23,1182.69,-29.64,0,0,0
2025-06-25T22:00:00,20.2961,85.8245,27.823455316407248,75.49291968911515,45.46,54.6,49.18,2274.0,-55.7,1,0,0
2025-06-25T23:00:00,20.2961,85.8245,24.878495525304018,88.30798055754028,6.17,0.0,50.23,959.48,-51.69,0,0,0
2025-06-26T00:00:00,20.2961,85.8245,28.55838416394321,80.20153366781581,16.72,0.0,41.12,0.0,-27.9,0,0,0
2025-06-26T01:00:00,20.2961,85.8245,31.049669044366425,66.76687317642183,2.4,3.96,36.23,1034.68,-15.86,0,0,0
2025-06-26T02:00:00,20.2961,85.8245,38.33873060313152,86.06627560704727,19.27,0.0,37.08,1283.39,-35.39,0,0,0
2025-06-26T03:00:00,20.2961,85.8245,25.177303642769616,88.85809744299752,19.4,0.0,34.61,773.29,-37.64,0,0,0
2025-06-26T04:00:00,20.2961,85.8245,28.286950049117046,79.92305742320067,15.05,10.99,32.13,929.24,-29.13,0,0,0
2025-06-26T05:00:00,20.2961,85.8245,26.794649597826236,76.44315125070386,14.65,3.78,21.16,2021.09,-31.81,0,0,0
2025-06-26T06:00:00,20.2961,85.8245,29.04352699778796,71.84287530738256,22.73,0.0,56.22,382.74,-38.52,0,0,0
2025-06-26T07:00:00,20.2961,85.8245,26.939853970990114,85.99225963885917,28.11,6.58,43.85,1269.22,-15.85,0,0,0
2025-06-26T08:00:00,20.2961,85.8245,32.213241501208415,90.56763912445032,47.11,168.45,81.42,2250.61,-63.11,1,1,1
2025-06-26T09:00:00,20.2961,85.8245,27.72832987303294,73.86190671024133,14.17,6.55,28.27,439.23,-34.84,0,0,0
2025-06-26T10:00:00,20.2961,85.8245,33.82273491919853,80.67815867312706,28.33,166.63,81.51,1634.3,-58.18,1,1,1
2025-06-26T11:00:00,20.2961,85.8245,33.434215695069334,64.01596854183671,17.01,3.21,39.61,1050.4,-26.7,0,0,0
2025-06-26T12:00:00,20.2961,85.8245,30.5150632648213,79.30907887322616,14.9,7.78,38.68,465.37,-16.4,0,0,0
2025-06-26T13:00:00,20.2961,85.8245,27.96224201285849,84.01319038802204,14.31,0.0,23.43,647.11,-21.37,0,0,0
2025-06-26T14:00:00,20.2961,85.8245,29.23435320570805,92.36305133537863,16.49,8.14,31.87,1034.04,-30.99,0,0,0
2025-06-26T15:00:00,20.2961,85.8245,36.61814486834859,60.35164433691911,12.12,0.0,29.76,1023.04,-34.35,0,0,0
2025-06-26T16:00:00,20.2961,85.8245,27.231642800183845,70.46241525344166,25.04,2.33,37.68,297.88,-30.85,0,0,0
2025-06-26T17:00:00,20.2961,85.8245,26.949097153140837,62.802219088513795,19.13,1.71,26.96,781.92,-35.56,0,0,0
2025-06-26T18:00:00,20.2961,85.8245,31.53151852892521,87.39970162953301,17.62,3.75,35.81,992.86,-34.22,0,0,0
2025-06-26T19:00:00,20.2961,85.8245,31.18682358371135,89.2335421055603,31.62,159.63,69.48,2832.99,-61.49,1,1,1
2025-06-26T20:00:00,20.2961,85.8245,28.365847310546094,91.08952687790271,14.25,7.54,46.27,796.27,-34.01,0,0,0
2025-06-26T21:00:00,20.2961,85.8245,28.967398588895083,77.59742046463381,9.78,5.59,56.21,573.89,-39.23,0,0,0
2025-06-26T22:00:00,20.2961,85.8245,29.04807584688548,84.95550021516092,14.45,4.37,36.53,434.91,-51.6,0,0,0
2025-06-26T23:00:00,20.2961,85.8245,25.1792433542102,72.46678802114828,16.86,0.0,33.97,924.69,-44.02,0,0,0
2025-06-27T00:00:00,20.2961,85.8245,29.047093387873275,90.84403237170541,14.25,0.0,42.4,1900.72,-49.82,0,0,0
2025-06-27T01:00:00,20.2961,85.8245,23.13485368904515,76.47453498218715,39.45,25.46,68.88,3308.05,-57.1,1,0,0
2025-06-27T02:00:00,20.2961,85.8245,30.860239995339008,64.11256440743307,17.61,0.0,36.18,1719.41,-47.18,0,0,0
2025-06-27T03:00:00,20.2961,85.8245,32.68926539167394,78.31501872550874,4.75,8.0,40.11,922.23,-15.5,0,0,0
2025-06-27T04:00:00,20.2961,85.8245,31.432589346795048,63.564654279983394,10.35,6.8,43.79,1030.58,-38.15,0,0,0
2025-06-27T05:00:00,20.2961,85.8245,30.004514585073863,76.97755181999435,11.55,3.15,31.25,1321.19,-53.64,0,0,0
2025-06-27T06:00:00,20.2961,85.8245,34.50446043376011,74.42062086330797,18.19,5.22,48.57,1084.69,-38.79,0,0,0
2025-06-27T07:00:00,20.2961,85.8245,28.191943685819727,62.989086950180585,19.06,14.06,41.19,565.28,-31.87,0,0,0
2025-06-27T08:00:00,20.2961,85.8245,30.53082893350736,91.45089186991396,13.2,2.87,50.65,845.17,-23.35,0,0,0
2025-06-27T09:00:00,20.2961,85.8245,26.974737263118527,68.79172016115635,11.72,1.0,40.48,1330.55,-28.47,0,0,0
2025-06-27T10:00:00,20.2961,85.8245,26.75276235004615,91.27284899876612,3.15,6.06,31.48,799.56,-48.81,0,0,0
2025-06-27T11:00:00,20.2961,85.8245,26.393670947019032,68.62218865348056,12.82,0.0,31.88,1584.7,-31.3,0,0,0
2025-06-27T12:00:00,20.2961,85.8245,30.125507042175407,90.25410455180392,27.69,4.8,40.89,1484.05,-47.89,0,0,0
2025-06-27T13:00:00,20.2961,85.8245,25.761348765081713,79.66569346845296,19.06,6.05,46.91,453.45,-51.64,0,0,0
2025-06-27T14:00:00,20.2961,85.8245,23.82524931217457,73.26345684343777,18.59,8.6,44.58,1612.19,-39.19,0,0,0
2025-06-27T15:00:00,20.2961,85.8245,26.058591395234306,89.99601599157023,19.59,13.07,34.92,66.0,-30.5,0,0,0
2025-06-27T16:00:00,20.2961,85.8245,26.759455223023746,88.96534261182458,20.84,0.0,31.43,915.09,-37.77,0,0,0
2025-06-27T17:00:00,20.2961,85.8245,33.114424346422766,92.67092868374482,13.92,1.7,53.26,281.95,-40.25,0,0,0
2025-06-27T18:00:00,20.2961,85.8245,26.104170981201328,76.69884361928742,16.05,6.27,30.12,774.36,-34.25,0,0,0
2025-06-27T19:00:00,20.2961,85.8245,28.449770038123873,94.97225546302043,22.35,0.0,25.12,651.35,-30.7,0,0,0
2025-06-27T20:00:00,20.2961,85.8245,26.99337189667096,90.4508723932058,32.73,56.77,59.58,2130.0,-57.33,1,0,0
2025-06-27T21:00:00,20.2961,85.8245,34.024579018742195,88.17826818798342,29.34,208.7,66.33,3052.93,-62.04,1,1,1
2025-06-27T22:00:00,20.2961,85.8245,26.285156501185803,69.99528656835227,5.21,0.3,39.34,1581.13,-27.84,0,0,0
2025-06-27T23:00:00,20.2961,85.8245,24.507659994182752,87.9892151700977,13.86,3.31,37.63,1057.05,-42.42,0,0,0
2025-06-28T00:00:00,20.2961,85.8245,28.796385854901555,92.6376383584084,8.42,0.0,34.09,1794.47,-44.0,0,0,0
2025-06-28T01:00:00,20.2961,85.8245,27.328608282283305,67.4738117259383,18.65,15.86,41.45,1369.84,-53.0,0,0,0
2025-06-28T02:00:00,20.2961,85.8245,24.462413104103373,93.88077602160085,23.11,7.21,30.73,1842.26,-34.81,0,0,0
2025-06-28T03:00:00,20.2961,85.8245,29.44802573317964,71.44523689736357,15.62,0.0,27.35,0.0,-33.71,0,0,0
2025-06-28T04:00:00,20.2961,85.8245,29.934472576393368,66.28779262843696,3.64,4.2,26.71,1401.58,-29.14,0,0,0
2025-06-28T05:00:00,20.2961,85.8245,32.45080218769489,75.21373519107645,5.81,0.0,42.27,1045.55,-34.95,0,0,0
2025-06-28T06:00:00,20.2961,85.8245,30.93378629724553,76.29204403538948,10.74,0.0,33.79,738.21,-27.99,0,0,0
2025-06-28T07:00:00,20.2961,85.8245,28.726772418940918,71.20208474642538,30.63,59.02,54.19,2495.57,-71.62,1,0,0
2025-06-28T08:00:00,20.2961,85.8245,30.078607830553608,74.56247346430402,17.51,0.0,26.35,789.2,-28.65,0,0,0
2025-06-28T09:00:00,20.2961,85.8245,31.299654063013314,92.70437780999251,16.29,0.92,32.42,522.97,-44.01,0,0,0
2025-06-28T10:00:00,20.2961,85.8245,32.0227420482882,71.21971285263236,23.03,2.49,53.99,1569.99,-38.86,0,0,0
2025-06-28T11:00:00,20.2961,85.8245,33.76198296233065,88.41887098367806,14.93,0.0,36.77,569.54,-37.15,0,0,0
2025-06-28T12:00:00,20.2961,85.8245,30.156419211370856,90.88732867738477,11.81,3.43,41.11,1413.12,-39.7,0,0,0
2025-06-28T13:00:00,20.2961,85.8245,32.10847178341551,72.6763560977953,38.07,154.8,51.91,2274.23,-76.68,1,1,0
2025-06-28T14:00:00,20.2961,85.8245,27.044974633530753,75.26164409415027,14.23,5.15,34.97,2041.33,-45.21,0,0,0
2025-06-28T15:00:00,20.2961,85.8245,31.52534232435204,76.4747081560578,12.1,3.83,43.63,1266.6,-46.06,0,0,0
2025-06-28T16:00:00,20.2961,85.8245,29.776309415731767,81.75275588983294,18.83,3.68,36.18,929.12,-29.17,0,0,0
2025-06-28T17:00:00,20.2961,85.8245,27.015375672454123,88.20670448867045,10.52,0.0,42.04,1313.27,-47.02,0,0,0
2025-06-28T18:00:00,20.2961,85.8245,28.669983503896844,86.16781385977423,13.92,8.59,31.15,694.18,-34.9,0,0,0
2025-06-28T19:00:00,20.2961,85.8245,27.938942721298982,69.95009011834108,8.67,2.2,48.52,1105.25,-14.99,0,0,0
2025-06-28T20:00:00,20.2961,85.8245,23.986490682517804,83.2268652268555,12.81,9.12,51.51,1834.96,-36.58,0,0,0
2025-06-28T21:00:00,20.2961,85.8245,30.916031419640902,60.711937865876216,13.96,0.0,34.06,1664.03,-31.75,0,0,0
2025-06-28T22:00:00,20.2961,85.8245,31.32534536476726,64.19113759751862,14.82,3.38,37.49,274.54,-26.61,0,0,0
2025-06-28T23:00:00,20.2961,85.8245,31.074855725364166,81.0335018249124,21.53,3.16,33.0,1373.49,-29.48,0,0,0
2025-06-29T00:00:00,20.2961,85.8245,23.12798423259803,62.60499464534805,9.12,1.28,37.98,733.45,-38.0,0,0,0
2025-06-29T01:00:00,20.2961,85.8245,30.173383630798178,86.77873070715958,24.86,12.5,27.21,1007.84,-26.82,0,0,0
2025-06-29T02:00:00,20.2961,85.8245,28.238144880808296,92.312831144483,11.68,8.93,32.85,0.0,-22.68,0,0,0
2025-06-29T03:00:00,20.2961,85.8245,28.169984684842564,67.04896859778606,17.46,8.62,31.97,1191.33,-48.94,0,0,0
2025-06-29T04:00:00,20.2961,85.8245,31.910948605364844,92.13997623829852,13.72,2.06,38.91,1229.5,-35.83,0,0,0
2025-06-29T05:00:00,20.2961,85.8245,34.299535400982904,62.46612371834354,38.6,62.67,44.67,2971.98,-55.85,1,0,0
2025-06-29T06:00:00,20.2961,85.8245,27.633618848461374,77.0254835499656,26.96,2.58,30.51,408.08,-33.61,0,0,0
2025-06-29T07:00:00,20.2961,85.8245,27.589785501233898,92.6757600295438,17.11,10.44,42.9,1199.05,-26.11,0,0,0
2025-06-29T08:00:00,20.2961,85.8245,30.745621870469616,93.6827860759085,23.0,1.52,45.63,1413.12,-46.7,0,0,0
2025-06-29T09:00:00,20.2961,85.8245,27.808427100459703,85.54611911962593,3.42,3.37,35.44,1271.44,-24.45,0,0,0
2025-06-29T10:00:00,20.2961,85.8245,28.113493131400748,76.90549394953827,4.91,8.36,52.18,389.1,-26.9,0,0,0
2025-06-29T11:00:00,20.2961,85.8245,28.963569766583703,67.36849709542146,16.5,1.05,35.8,1436.59,-33.06,0,0,0
2025-06-29T12:00:00,20.2961,85.8245,31.176548416326135,77.02417624376623,31.83,50.0,49.19,2888.16,-62.66,1,0,0
2025-06-29T13:00:00,20.2961,85.8245,27.504098312634646,92.68955964794159,29.41,29.32,56.66,2874.29,-47.01,1,0,0
2025-06-29T14:00:00,20.2961,85.8245,33.27126222592184,69.3523463420126,13.73,0.0,33.39,631.02,-45.97,0,0,0
2025-06-29T15:00:00,20.2961,85.8245,29.419981227909304,94.02187161182209,44.61,34.16,57.74,2655.76,-38.51,1,0,0
2025-06-29T16:00:00,20.2961,85.8245,27.188423206289137,76.57022267579171,15.35,2.87,37.16,1306.4,-36.74,0,0,0
2025-06-29T17:00:00,20.2961,85.8245,25.89156928407441,61.64714192569316,15.52,0.0,45.79,1149.4,-19.81,0,0,0
2025-06-29T18:00:00,20.2961,85.8245,28.214725129336717,79.3318304709426,17.7,4.97,44.85,1199.02,-38.41,0,0,0
2025-06-29T19:00:00,20.2961,85.8245,25.35558159233407,72.42482905348797,12.31,0.0,34.53,1861.08,-39.83,0,0,0
2025-06-29T20:00:00,20.2961,85.8245,28.42866144221235,63.309472067103584,21.14,2.28,39.09,973.75,-34.66,0,0,0
2025-06-29T21:00:00,20.2961,85.8245,26.022265979813533,77.64245279119486,17.03,0.0,42.63,1706.01,-34.21,0,0,0
2025-06-29T22:00:00,20.2961,85.8245,26.07079985400861,94.2392912235316,14.89,1.08,23.85,1183.37,-33.38,0,0,0
2025-06-29T23:00:00,20.2961,85.8245,25.873185235858255,91.07130336350909,13.83,9.95,37.64,383.45,-45.85,0,0,0
2025-06-30T00:00:00,20.2961,85.8245,24.78554916821748,94.62723299147137,9.11,3.15,33.85,1426.6,-30.87,0,0,0
2025-06-30T01:00:00,20.2961,85.8245,24.12985241017627,84.60032554175355,16.23,6.13,38.86,840.58,-35.64,0,0,0
2025-06-30T02:00:00,20.2961,85.8245,27.932077746842502,93.04144473983246,33.08,105.92,86.17,2416.11,-61.17,1,1,0
2025-06-30T03:00:00,20.2961,85.8245,23.9042908681312,84.7324882612127,13.02,17.08,50.79,572.4,-54.13,0,0,0
2025-06-30T04:00:00,20.2961,85.8245,29.505540207000287,94.4725187954522,7.46,2.98,36.63,1221.62,-39.75,0,0,0
2025-06-30T05:00:00,20.2961,85.8245,32.575213507464284,77.26366225590951,14.59,12.56,41.03,1347.69,-52.39,0,0,0
2025-06-30T06:00:00,20.2961,85.8245,29.779649704757894,64.23362317834723,10.31,4.46,27.67,1164.28,-29.62,0,0,0
2025-06-30T07:00:00,20.2961,85.8245,26.47128330702707,94.54850300734408,14.15,10.79,38.43,589.57,-48.65,0,0,0
2025-06-30T08:00:00,20.2961,85.8245,26.161173104809908,88.35906956810504,26.17,0.0,52.67,1299.2,-37.24,0,0,0
2025-06-30T09:00:00,20.2961,85.8245,34.3121169522014,72.72640072165224,19.04,4.57,23.88,1145.5,-29.67,0,0,0
2025-06-30T10:00:00,20.2961,85.8245,27.946183888668063,76.98394614515344,5.28,0.0,43.3,447.19,-20.07,0,0,0
2025-06-30T11:00:00,20.2961,85.8245,33.716918768557335,76.42121236324701,9.56,0.0,23.05,1207.74,-29.98,0,0,0
2025-06-30T12:00:00,20.2961,85.8245,31.88173371112695,66.77065298041781,7.57,8.41,31.69,869.35,-45.07,0,0,0
2025-06-30T13:00:00,20.2961,85.8245,26.31201244049064,64.69708492142226,17.01,0.0,36.73,1108.79,-42.42,0,0,0
2025-06-30T14:00:00,20.2961,85.8245,25.195569045105504,78.77436340780106,19.7,5.44,27.12,1613.9,-20.86,0,0,0
2025-06-30T15:00:00,20.2961,85.8245,27.55297527436179,76.7809242352418,6.65,7.91,24.79,776.4,-32.8,0,0,0
2025-06-30T16:00:00,20.2961,85.8245,27.85756090356284,81.49590976116124,21.6,0.0,43.71,885.63,-46.58,0,0,0
2025-06-30T17:00:00,20.2961,85.8245,28.893829765478525,90.50431497603867,27.55,0.0,46.18,733.28,-32.5,0,0,0
2025-06-30T18:00:00,20.2961,85.8245,28.706447689354626,74.73137850657291,0.0,2.08,22.08,662.56,-43.78,0,0,0
2025-06-30T19:00:00,20.2961,85.8245,25.879501084336134,90.1389732021499,5.09,2.4,38.81,1234.79,-34.25,0,0,0
2025-06-30T20:00:00,20.2961,85.8245,25.8124772734691,63.950035064946675,42.72,91.15,80.97,3031.58,-48.03,1,1,0
2025-06-30T21:00:00,20.2961,85.8245,22.057867801999684,85.50153048774719,15.62,0.0,47.45,1201.64,-41.37,0,0,0
2025-06-30T22:00:00,20.2961,85.8245,31.3142053847113,64.17450852139102,7.07,9.22,47.82,209.7,-17.15,0,0,0
2025-06-30T23:00:00,20.2961,85.8245,32.49774956076567,73.77886600967145,11.39,5.46,38.01,227.78,-28.33,0,0,0
2025-07-01T00:00:00,20.2961,85.8245,31.574417212802047,78.50044705031048,37.18,109.07,73.06,3404.24,-52.98,1,1,0
2025-07-01T01:00:00,20.2961,85.8245,34.42720024593323,78.98049914673777,32.36,52.83,71.62,2696.88,-47.96,1,0,0
2025-07-01T02:00:00,20.2961,85.8245,30.458929980050666,73.80194012227325,16.44,11.27,41.58,680.71,-30.02,0,0,0
2025-07-01T03:00:00,20.2961,85.8245,29.12277424618677,89.399937813538,10.22,10.95,53.93,1196.46,-39.55,0,0,0
2025-07-01T04:00:00,20.2961,85.8245,29.514407952771172,83.45888916155258,20.18,0.0,42.3,1153.19,-30.85,0,0,0
2025-07-01T05:00:00,20.2961,85.8245,27.356012543776586,93.9926969159923,34.24,37.94,62.7,2056.36,-59.86,1,0,0
2025-07-01T06:00:00,20.2961,85.8245,34.86982988775715,91.13905944000828,15.83,0.0,46.8,905.64,-33.19,0,0,0
2025-07-01T07:00:00,20.2961,85.8245,31.90383653942282,75.34045128116081,16.31,149.32,80.61,2211.73,-46.08,1,1,1
2025-07-01T08:00:00,20.2961,85.8245,25.92880743875849,62.52802718953672,11.3,3.76,32.21,743.85,-19.3,0,0,0
2025-07-01T09:00:00,20.2961,85.8245,35.15942055122362,61.34265441757911,13.33,7.14,42.71,1364.17,-27.25,0,0,0
2025-07-01T10:00:00,20.2961,85.8245,24.969589161411328,90.48386599518899,20.17,0.0,48.37,1283.21,-34.95,0,0,0
2025-07-01T11:00:00,20.2961,85.8245,37.35814981343998,86.22603742998521,25.6,7.98,47.47,654.03,-33.72,0,0,0
2025-07-01T12:00:00,20.2961,85.8245,31.47786246686019,70.71837358299402,19.57,0.0,56.57,1301.74,-35.31,0,0,0
2025-07-01T13:00:00,20.2961,85.8245,34.21082882905791,72.03928727107295,9.99,6.31,35.27,1267.27,-33.87,0,0,0
2025-07-01T14:00:00,20.2961,85.8245,27.570806718195456,78.80827166553493,15.33,0.78,43.91,1640.17,-36.14,0,0,0
2025-07-01T15:00:00,20.2961,85.8245,31.316943753322118,92.67876171465272,42.25,117.21,63.03,3546.89,-61.98,1,1,1
2025-07-01T16:00:00,20.2961,85.8245,25.69690074234907,81.13143003431645,18.75,6.53,51.17,2270.81,-33.18,0,0,0
2025-07-01T17:00:00,20.2961,85.8245,30.06462140880814,70.5924119222885,7.96,1.28,42.08,636.82,-49.98,0,0,0
2025-07-01T18:00:00,20.2961,85.8245,27.640451073111326,69.17122515774061,5.79,0.0,30.37,1226.63,-31.92,0,0,0
2025-07-01T19:00:00,20.2961,85.8245,32.81457244296182,69.88893022818553,20.7,1.98,41.7,383.71,-41.18,0,0,0
2025-07-01T20:00:00,20.2961,85.8245,31.504249167929906,71.69753680410402,8.98,3.16,31.41,873.54,-20.47,0,0,0
2025-07-01T21:00:00,20.2961,85.8245,28.562187691660096,82.82924020803196,20.74,41.96,53.59,3257.43,-44.01,1,0,0
2025-07-01T22:00:00,20.2961,85.8245,26.245942815083104,78.05810574838982,14.05,6.62,31.82,564.64,-31.41,0,0,0
2025-07-01T23:00:00,20.2961,85.8245,27.164721081486245,89.98554812770641,24.48,0.0,39.15,1435.76,-47.26,0,0,0
2025-07-02T00:00:00,20.2961,85.8245,25.038519669784904,90.67961717760511,12.71,0.0,36.7,1219.21,-33.94,0,0,0
2025-07-02T01:00:00,20.2961,85.8245,28.083665892674954,75.38277231566431,20.78,10.96,36.74,394.92,-27.99,0,0,0
2025-07-02T02:00:00,20.2961,85.8245,32.835725503818125,60.477394604255835,14.86,5.08,37.51,625.6,-25.66,0,0,0
2025-07-02T03:00:00,20.2961,85.8245,28.551632920505035,68.09720496200526,0.0,0.0,46.66,461.81,-27.34,0,0,0
2025-07-02T04:00:00,20.2961,85.8245,34.602386012484054,73.54675041772104,28.75,0.24,35.61,820.88,-43.78,0,0,0
2025-07-02T05:00:00,20.2961,85.8245,29.377659591729973,88.79267745178612,20.9,2.68,34.8,1064.59,-40.28,0,0,0
2025-07-02T06:00:00,20.2961,85.8245,25.410003223146813,75.45369036326139,15.07,0.0,34.19,347.71,-48.13,0,0,0
2025-07-02T07:00:00,20.2961,85.8245,28.01658062037043,67.74016635387427,18.12,2.56,47.59,983.86,-19.96,0,0,0
2025-07-02T08:00:00,20.2961,85.8245,21.536533827313008,83.82040825215685,28.79,26.43,65.83,2851.66,-52.94,1,0,0
2025-07-02T09:00:00,20.2961,85.8245,27.661003763698446,87.03829071168906,18.95,0.0,52.14,467.88,-30.5,0,0,0
2025-07-02T10:00:00,20.2961,85.8245,26.479819893374582,77.8414973415305,7.65,5.53,41.14,797.72,-23.75,0,0,0
2025-07-02T11:00:00,20.2961,85.8245,29.800099368506217,73.34930834660932,19.55,0.0,23.57,1546.56,-38.22,0,0,0
2025-07-02T12:00:00,20.2961,85.8245,27.079043722461755,91.28209657166806,15.91,4.33,40.75,505.8,-33.87,0,0,0
2025-07-02T13:00:00,20.2961,85.8245,27.84108650456628,80.94071264936066,10.35,1.61,54.28,1179.1,-32.89,0,0,0
2025-07-02T14:00:00,20.2961,85.8245,31.733081926999784,92.26043343080815,15.22,0.0,37.38,771.95,-31.63,0,0,0
2025-07-02T15:00:00,20.2961,85.8245,25.936811005379433,75.35350938810672,18.99,0.0,44.48,1450.35,-29.87,0,0,0
2025-07-02T16:00:00,20.2961,85.8245,31.963205303075924,69.59041231349417,17.71,10.15,43.36,1332.51,-36.83,0,0,0
2025-07-02T17:00:00,20.2961,85.8245,28.71096010551712,85.20937733815884,20.29,0.0,32.22,825.35,-40.44,0,0,0
2025-07-02T18:00:00,20.2961,85.8245,26.925763387170786,84.27284429662122,22.81,3.63,33.07,1142.78,-28.78,0,0,0
2025-07-02T19:00:00,20.2961,85.8245,33.63719942646055,75.97140733378394,14.09,6.45,54.59,606.85,-43.7,0,0,0
2025-07-02T20:00:00,20.2961,85.8245,27.58144162106586,88.9176081521327,6.44,5.01,37.96,1487.86,-31.34,0,0,0
2025-07-02T21:00:00,20.2961,85.8245,31.151237110988493,87.80344787824997,7.3,0.31,39.11,226.29,-26.02,0,0,0
2025-07-02T22:00:00,20.2961,85.8245,34.42277096657692,84.7632986642315,12.41,0.99,35.76,754.49,-27.56,0,0,0
2025-07-02T23:00:00,20.2961,85.8245,24.249176196739405,82.11211952784643,14.31,0.0,45.79,1311.95,-43.28,0,0,0
2025-07-03T00:00:00,20.2961,85.8245,34.703362193802825,85.64531953946573,4.6,0.0,37.89,828.65,-50.71,0,0,0
2025-07-03T01:00:00,20.2961,85.8245,32.547783077209665,70.98237501570051,4.15,6.12,45.26,1253.21,-46.4,0,0,0
2025-07-03T02:00:00,20.2961,85.8245,29.423466244073584,61.821604356464604,17.37,4.57,35.06,769.92,-40.42,0,0,0
2025-07-03T03:00:00,20.2961,85.8245,24.988774676336483,88.567974815198,13.46,3.15,54.79,307.3,-31.55,0,0,0
2025-07-03T04:00:00,20.2961,85.8245,33.70401509312996,94.08099037134727,14.99,11.51,27.86,1219.33,-35.29,0,0,0
2025-07-03T05:00:00,20.2961,85.8245,27.42556149895313,70.14955874254497,10.99,7.86,30.24,1863.78,-42.39,0,0,0
2025-07-03T06:00:00,20.2961,85.8245,26.882362957819353,93.98166490074543,19.43,0.0,30.97,1148.28,-27.62,0,0,0
2025-07-03T07:00:00,20.2961,85.8245,30.59982080835078,64.20948370950124,15.27,2.24,49.86,483.76,-40.13,0,0,0
2025-07-03T08:00:00,20.2961,85.8245,30.64437898618187,78.69771434759366,13.6,5.47,45.73,1678.66,-36.1,0,0,0
2025-07-03T09:00:00,20.2961,85.8245,25.950426913452194,73.17091359342491,13.7,0.0,42.58,569.72,-48.35,0,0,0
2025-07-03T10:00:00,20.2961,85.8245,27.50116002913557,77.02370698311128,18.1,0.0,34.08,925.05,-20.37,0,0,0
2025-07-03T11:00:00,20.2961,85.8245,27.21373039137187,67.25488828924074,29.06,54.94,68.46,2158.57,-62.18,1,0,0
2025-07-03T12:00:00,20.2961,85.8245,29.372527054233842,74.2591845063972,10.81,0.0,25.95,497.85,-27.03,0,0,0
2025-07-03T13:00:00,20.2961,85.8245,27.55104822178148,86.62657579354325,9.9,0.0,36.65,1299.55,-28.53,0,0,0
2025-07-03T14:00:00,20.2961,85.8245,30.847901018140515,85.6690647267217,4.02,3.65,38.3,842.65,-54.05,0,0,0
2025-07-03T15:00:00,20.2961,85.8245,28.002261860450375,78.37992981193705,9.68,6.47,36.05,1147.36,-51.22,0,0,0
2025-07-03T16:00:00,20.2961,85.8245,26.280054364537122,87.7446192023263,15.65,5.01,36.18,296.51,-24.43,0,0,0
2025-07-03T17:00:00,20.2961,85.8245,27.925761661462044,83.42942224887751,14.6,7.99,29.79,1190.71,-25.54,0,0,0
2025-07-03T18:00:00,20.2961,85.8245,30.474238269066582,66.42102596656028,22.61,8.33,41.51,314.99,-37.06,0,0,0
2025-07-03T19:00:00,20.2961,85.8245,28.081958136927774,80.61276078968918,10.43,10.76,28.21,1712.31,-27.94,0,0,0
2025-07-03T20:00:00,20.2961,85.8245,28.775220331644658,94.1607055133573,12.91,0.0,51.54,1072.16,-32.29,0,0,0
2025-07-03T21:00:00,20.2961,85.8245,28.87598838557249,77.86374524720473,12.96,8.6,35.05,1403.52,-32.74,0,0,0
2025-07-03T22:00:00,20.2961,85.8245,31.460895123526896,67.51991122487493,10.89,10.7,42.63,1230.02,-24.96,0,0,0
2025-07-03T23:00:00,20.2961,85.8245,28.467524348677152,81.17855677830028,4.49,4.4,33.87,488.37,-56.4,0,0,0
2025-07-04T00:00:00,20.2961,85.8245,32.47050134311097,84.36775026424453,14.9,4.96,25.36,591.05,-30.35,0,0,0
2025-07-04T01:00:00,20.2961,85.8245,33.206027977757365,75.11317852750692,19.11,2.46,35.76,298.57,-26.1,0,0,0
2025-07-04T02:00:00,20.2961,85.8245,28.419717114256382,79.40711900124097,23.85,2.89,36.45,1735.79,-29.34,0,0,0
2025-07-04T03:00:00,20.2961,85.8245,32.46802000835338,71.1039325757395,15.95,13.72,36.94,339.55,-38.76,0,0,0
2025-07-04T04:00:00,20.2961,85.8245,24.36964717044276,86.72636678649555,13.38,1.56,40.03,103.46,-33.04,0,0,0
2025-07-04T05:00:00,20.2961,85.8245,25.466715626025927,86.02404943730531,13.71,0.0,49.45,869.98,-32.85,0,0,0
2025-07-04T06:00:00,20.2961,85.8245,34.22282445979097,65.97371023557818,4.41,0.48,23.28,1664.08,-39.86,0,0,0
2025-07-04T07:00:00,20.2961,85.8245,29.563401014127567,63.137112065661626,10.14,2.7,45.3,1210.86,-48.61,0,0,0
2025-07-04T08:00:00,20.2961,85.8245,28.994857538992807,78.84344654137516,19.6,0.0,43.45,1481.25,-17.43,0,0,0
2025-07-04T09:00:00,20.2961,85.8245,28.882513653671722,75.82640287760378,17.19,0.0,26.49,887.37,-33.46,0,0,0
2025-07-04T10:00:00,20.2961,85.8245,30.37163919107754,60.40341049185449,5.59,0.04,40.99,1727.72,-31.48,0,0,0
2025-07-04T11:00:00,20.2961,85.8245,25.06351039641345,90.1851945549405,17.29,0.0,34.85,618.79,-38.15,0,0,0
2025-07-04T12:00:00,20.2961,85.8245,26.99168925909953,74.567596086131,9.88,0.0,34.82,979.26,-20.63,0,0,0
2025-07-04T13:00:00,20.2961,85.8245,27.966568373742643,64.02538278898342,16.54,8.53,42.42,531.7,-33.39,0,0,0
2025-07-04T14:00:00,20.2961,85.8245,29.89725720206332,70.32258975313525,29.39,123.35,78.71,3595.07,-52.64,1,1,0
2025-07-04T15:00:00,20.2961,85.8245,29.740427954542557,82.87797667419672,12.0,3.53,34.42,135.45,-35.75,0,0,0
2025-07-04T16:00:00,20.2961,85.8245,29.523629179859306,68.10540469511498,13.39,3.79,39.15,957.64,-32.53,0,0,0
2025-07-04T17:00:00,20.2961,85.8245,29.632445233877572,74.85724914367873,7.5,2.52,41.81,755.08,-43.89,0,0,0
2025-07-04T18:00:00,20.2961,85.8245,27.236702285086523,84.94104925544376,9.77,6.87,29.11,516.81,-33.57,0,0,0
2025-07-04T19:00:00,20.2961,85.8245,32.55748759622652,65.48670316597531,14.02,2.6,29.06,1581.76,-28.6,0,0,0
2025-07-04T20:00:00,20.2961,85.8245,32.209740306232916,91.83443999530209,19.11,2.77,47.73,0.0,-38.15,0,0,0
2025-07-04T21:00:00,20.2961,85.8245,27.79375557462778,83.07044406100471,36.1,47.48,60.39,3609.25,-48.44,1,0,0
2025-07-04T22:00:00,20.2961,85.8245,28.329582484289183,62.34828064204576,33.75,37.03,57.03,2120.37,-46.51,1,0,0
2025-07-04T23:00:00,20.2961,85.8245,31.21863562158782,69.60444210724886,35.71,57.85,71.52,3417.77,-60.46,1,0,0
2025-07-05T00:00:00,20.2961,85.8245,30.554656851336233,62.15400619471929,9.27,0.0,25.46,253.77,-42.38,0,0,0
2025-07-05T01:00:00,20.2961,85.8245,21.845283473148253,86.69796685065319,3.35,1.68,45.15,616.84,-32.07,0,0,0
2025-07-05T02:00:00,20.2961,85.8245,34.0017705252486,72.17195341615532,16.78,7.1,54.51,1079.05,-36.56,0,0,0
2025-07-05T03:00:00,20.2961,85.8245,29.100574107165762,74.28070319497783,14.81,11.25,55.08,1141.02,-40.03,0,0,0
2025-07-05T04:00:00,20.2961,85.8245,28.507551761834677,66.29998658137404,31.9,194.84,56.04,3030.53,-61.78,1,1,1
2025-07-05T05:00:00,20.2961,85.8245,27.73640355016126,84.03645020986681,19.11,3.29,47.62,1004.39,-37.12,0,0,0
2025-07-05T06:00:00,20.2961,85.8245,27.178215757741746,75.99583832674189,20.34,2.56,29.21,1343.71,-38.63,0,0,0
2025-07-05T07:00:00,20.2961,85.8245,26.279291375833818,75.72018709562744,9.31,1.59,50.31,1786.2,-25.15,0,0,0
2025-07-05T08:00:00,20.2961,85.8245,25.085549328701152,80.43503935578053,12.75,0.0,31.09,936.73,-29.44,0,0,0
2025-07-05T09:00:00,20.2961,85.8245,24.55656282613485,77.42917059055875,3.21,0.0,31.3,0.0,-33.57,0,0,0
2025-07-05T10:00:00,20.2961,85.8245,27.20756342592679,78.68038947850056,36.01,111.16,83.13,4012.72,-46.44,1,1,0
2025-07-05T11:00:00,20.2961,85.8245,31.395159416304303,67.80325029952138,4.67,0.0,34.12,1230.76,-26.52,0,0,0
2025-07-05T12:00:00,20.2961,85.8245,28.077329794456215,93.70046729006333,15.07,0.0,35.6,349.37,-28.31,0,0,0
2025-07-05T13:00:00,20.2961,85.8245,31.858279067582572,69.19217643281257,11.92,6.7,31.66,2230.5,-33.98,0,0,0
2025-07-05T14:00:00,20.2961,85.8245,30.863763361865576,83.24440087491726,20.1,0.0,51.55,1015.34,-34.95,0,0,0
2025-07-05T15:00:00,20.2961,85.8245,30.053157442864038,70.96377591710876,19.22,3.45,45.59,910.47,-25.32,0,0,0
2025-07-05T16:00:00,20.2961,85.8245,33.6689023865478,72.45889367912828,11.0,7.95,31.72,1355.52,-37.42,0,0,0
2025-07-05T17:00:00,20.2961,85.8245,26.352318765663412,78.07912786362418,23.8,122.2,68.49,2066.47,-52.1,1,1,1
2025-07-05T18:00:00,20.2961,85.8245,26.713875417837052,93.52423565569761,11.26,4.15,28.46,1008.06,-41.71,0,0,0
2025-07-05T19:00:00,20.2961,85.8245,28.97974278453458,78.31053524361747,12.6,0.0,34.71,1270.72,-40.13,0,0,0
2025-07-05T20:00:00,20.2961,85.8245,26.869002529355324,79.46827379090205,11.83,1.67,42.58,1297.97,-42.84,0,0,0
2025-07-05T21:00:00,20.2961,85.8245,27.779993842884668,70.81013147327621,9.59,6.67,42.74,941.38,-40.79,0,0,0
2025-07-05T22:00:00,20.2961,85.8245,29.691973775625073,91.35342354895025,12.54,0.52,44.37,1952.51,-61.78,0,0,0
2025-07-05T23:00:00,20.2961,85.8245,29.058730286270517,86.72653546365798,8.52,0.0,34.03,1857.08,-37.2,0,0,0
2025-07-06T00:00:00,20.2961,85.8245,28.04662935826307,89.60107074140171,13.5,1.57,36.92,152.02,-25.8,0,0,0
2025-07-06T01:00:00,20.2961,85.8245,23.398179345094178,62.935580849320424,21.05,6.39,48.34,357.68,-21.83,0,0,0
2025-07-06T02:00:00,20.2961,85.8245,25.24518002908306,85.214562418232,10.05,0.0,46.08,334.19,-47.84,0,0,0
2025-07-06T03:00:00,20.2961,85.8245,29.463032697927023,80.07248547273255,19.62,3.02,43.53,1008.98,-39.73,0,0,0
2025-07-06T04:00:00,20.2961,85.8245,34.83232311057648,92.20398346629202,10.48,4.15,34.56,1294.46,-34.01,0,0,0
2025-07-06T05:00:00,20.2961,85.8245,27.85297417707304,80.10027388980008,13.26,2.06,34.16,984.87,-19.36,0,0,0
2025-07-06T06:00:00,20.2961,85.8245,34.12762146305889,82.71782107066096,10.69,4.5,38.89,2185.8,-32.89,0,0,0
2025-07-06T07:00:00,20.2961,85.8245,24.537920249822772,80.47925813244936,8.24,4.96,43.23,882.62,-41.68,0,0,0
2025-07-06T08:00:00,20.2961,85.8245,31.817476739432546,70.88405574840617,21.68,7.98,34.0,969.39,-39.63,0,0,0
2025-07-06T09:00:00,20.2961,85.8245,26.48092501891626,62.62827760318599,12.51,1.6,35.73,750.52,-35.03,0,0,0
2025-07-06T10:00:00,20.2961,85.8245,33.256754215738056,82.33011323256869,18.56,3.26,36.72,1263.65,-34.38,0,0,0
2025-07-06T11:00:00,20.2961,85.8245,20.822093449701573,75.53242527488175,28.46,5.19,44.96,2042.71,-32.4,0,0,0
2025-07-06T12:00:00,20.2961,85.8245,29.95420448858374,80.7763690556245,13.01,3.54,45.84,2282.83,-38.45,0,0,0
2025-07-06T13:00:00,20.2961,85.8245,33.806634166195025,63.08021096290083,21.28,0.0,37.55,1126.5,-39.06,0,0,0
2025-07-06T14:00:00,20.2961,85.8245,28.089549110429783,80.19357025423426,35.94,52.32,55.61,4187.02,-79.37,1,0,0
2025-07-06T15:00:00,20.2961,85.8245,25.540747004780652,89.80195572598979,7.37,3.06,44.38,722.45,-35.74,0,0,0
2025-07-06T16:00:00,20.2961,85.8245,28.917847038788768,83.15335134511612,13.38,3.71,46.4,1162.33,-48.81,0,0,0
2025-07-06T17:00:00,20.2961,85.8245,26.182533290687957,62.7875795162168,16.42,0.0,50.29,1298.77,-34.06,0,0,0
2025-07-06T18:00:00,20.2961,85.8245,32.539826390115394,82.70432648865624,6.77,9.03,50.84,0.0,-42.49,0,0,0
2025-07-06T19:00:00,20.2961,85.8245,32.73040738503789,67.13010876471833,17.06,5.79,44.41,2029.92,-36.25,0,0,0
2025-07-06T20:00:00,20.2961,85.8245,31.59586926840575,75.26169042904057,15.32,3.69,35.53,0.0,-50.09,0,0,0
2025-07-06T21:00:00,20.2961,85.8245,28.8087641434881,72.84352411359484,31.26,6.38,26.32,1595.63,-48.73,0,0,0
2025-07-06T22:00:00,20.2961,85.8245,27.837110502010262,70.6951760764739,18.8,3.51,36.24,936.3,-37.38,0,0,0
2025-07-06T23:00:00,20.2961,85.8245,26.153753914196,89.16460067600651,22.88,0.0,19.06,1176.89,-33.69,0,0,0
2025-07-07T00:00:00,20.2961,85.8245,26.475651457612976,79.14946748991152,33.81,163.16,95.17,2838.45,-50.46,1,1,1
2025-07-07T01:00:00,20.2961,85.8245,30.548432118759138,67.04105384898652,12.66,5.96,37.41,907.72,-34.21,0,0,0
2025-07-07T02:00:00,20.2961,85.8245,23.957388622285638,64.61336307241108,15.21,0.0,33.78,1676.53,-31.84,0,0,0
2025-07-07T03:00:00,20.2961,85.8245,26.786789885945478,86.71498165711057,23.2,5.95,40.48,1237.88,-56.21,0,0,0
2025-07-07T04:00:00,20.2961,85.8245,26.67486511095128,64.8381230374868,22.01,1.07,30.99,1330.23,-51.57,0,0,0
2025-07-07T05:00:00,20.2961,85.8245,28.6520087830354,84.57575150269093,10.55,5.74,40.18,971.36,-45.72,0,0,0
2025-07-07T06:00:00,20.2961,85.8245,30.810937216882216,87.72010941455686,13.99,0.58,46.68,1019.28,-36.97,0,0,0
2025-07-07T07:00:00,20.2961,85.8245,27.92312484446176,85.10912443918235,16.89,0.93,47.5,517.61,-40.79,0,0,0
2025-07-07T08:00:00,20.2961,85.8245,22.92488025897148,94.50970502597308,13.3,0.0,38.34,1343.43,-18.03,0,0,0
2025-07-07T09:00:00,20.2961,85.8245,28.68692465168574,81.03789328876255,17.7,6.74,37.34,1495.6,-32.62,0,0,0
2025-07-07T10:00:00,20.2961,85.8245,29.47046904829458,79.32777980608464,4.54,7.07,39.12,1032.51,-41.75,0,0,0
2025-07-07T11:00:00,20.2961,85.8245,27.779076900879886,79.02144544934771,25.4,123.93,66.65,4098.4,-58.35,1,1,0
2025-07-07T12:00:00,20.2961,85.8245,32.23615715240904,91.81433121702025,24.84,0.0,29.03,995.63,-35.12,0,0,0
2025-07-07T13:00:00,20.2961,85.8245,29.86475473360798,69.48371227549268,16.91,5.02,48.1,1323.33,-35.92,0,0,0
2025-07-07T14:00:00,20.2961,85.8245,26.915655575794503,79.70943078622165,11.28,2.06,30.02,533.57,-37.82,0,0,0
2025-07-07T15:00:00,20.2961,85.8245,32.112383310526916,85.49648309455073,22.14,0.0,37.91,961.83,-36.78,0,0,0
2025-07-07T16:00:00,20.2961,85.8245,29.6467990511176,93.09703872121489,15.5,4.22,41.49,1200.6,-38.34,0,0,0
2025-07-07T17:00:00,20.2961,85.8245,26.562272653067577,87.71672884477829,15.01,6.77,54.84,395.09,-35.33,0,0,0
2025-07-07T18:00:00,20.2961,85.8245,22.983271481240777,69.32321745005083,38.24,25.1,72.37,2514.12,-59.37,1,0,0
2025-07-07T19:00:00,20.2961,85.8245,28.798309078411606,77.36768178214736,20.68,44.87,67.05,3409.17,-55.91,1,0,0
2025-07-07T20:00:00,20.2961,85.8245,34.67603530996909,82.17373527656596,25.43,36.42,51.64,3635.36,-46.03,1,0,0
2025-07-07T21:00:00,20.2961,85.8245,27.455183880700183,64.53971902965094,11.03,0.0,31.4,470.6,-26.03,0,0,0
2025-07-07T22:00:00,20.2961,85.8245,26.083105265795496,70.12123888497551,8.7,8.11,41.65,0.0,-23.51,0,0,0
2025-07-07T23:00:00,20.2961,85.8245,32.730284834308776,78.94158195499585,9.43,0.0,39.79,26.74,-22.69,0,0,0
2025-07-08T00:00:00,20.2961,85.8245,31.12277546592386,88.71025362132121,17.85,0.72,43.08,941.17,-33.04,0,0,0
2025-07-08T01:00:00,20.2961,85.8245,33.186302246597556,89.62870725931919,41.19,139.48,69.51,3539.47,-58.36,1,1,0
2025-07-08T02:00:00,20.2961,85.8245,30.542437479218137,69.270319023475,10.54,0.94,51.39,1017.43,-39.81,0,0,0
2025-07-08T03:00:00,20.2961,85.8245,25.18930448291736,67.33813227390951,23.7,7.31,48.6,522.73,-51.5,0,0,0
2025-07-08T04:00:00,20.2961,85.8245,25.66943360554273,84.34871821253687,11.3,0.0,40.16,1447.49,-37.29,0,0,0
2025-07-08T05:00:00,20.2961,85.8245,25.329298443574967,86.33408588018135,45.24,170.38,76.39,3791.1,-46.13,1,1,1
2025-07-08T06:00:00,20.2961,85.8245,30.369799546095507,89.90210939739504,18.19,7.23,41.0,1450.6,-37.74,0,0,0
2025-07-08T07:00:00,20.2961,85.8245,26.35605601303177,78.59657774356116,11.28,1.52,39.69,1983.77,-25.35,0,0,0
2025-07-08T08:00:00,20.2961,85.8245,25.82429516523043,90.67098894704282,19.9,10.04,42.54,1297.61,-31.74,0,0,0
2025-07-08T09:00:00,20.2961,85.8245,23.883345227301184,93.21893599108864,13.34,6.15,43.37,142.44,-52.94,0,0,0
2025-07-08T10:00:00,20.2961,85.8245,23.700203841758153,65.84970102042575,18.08,0.0,31.83,1717.2,-59.25,0,0,0
2025-07-08T11:00:00,20.2961,85.8245,29.090439196346043,86.38781895544984,7.63,0.0,26.61,753.14,-33.7,0,0,0
2025-07-08T12:00:00,20.2961,85.8245,23.854144347641004,92.35240211678301,16.21,3.8,37.35,505.63,-40.57,0,0,0
2025-07-08T13:00:00,20.2961,85.8245,31.827227885102403,75.13387260647815,10.62,5.83,55.67,1653.03,-35.99,0,0,0
2025-07-08T14:00:00,20.2961,85.8245,25.829871654910328,85.39488866459818,8.87,5.97,41.21,1204.0,-42.36,0,0,0
2025-07-08T15:00:00,20.2961,85.8245,22.023104966475955,93.97006664195762,12.2,1.74,31.43,1268.76,-38.04,0,0,0
2025-07-08T16:00:00,20.2961,85.8245,30.079561894264987,90.08021039917428,8.95,0.3,30.26,1590.78,-50.2,0,0,0
2025-07-08T17:00:00,20.2961,85.8245,25.66823792392987,85.74749310039778,22.73,4.84,32.49,298.9,-28.3,0,0,0
2025-07-08T18:00:00,20.2961,85.8245,22.508590995952915,90.93992219049153,11.75,3.13,48.92,971.69,-27.85,0,0,0
2025-07-08T19:00:00,20.2961,85.8245,22.167312179452747,72.19672915284794,15.14,7.13,35.12,1311.27,-47.1,0,0,0
2025-07-08T20:00:00,20.2961,85.8245,28.73480024961778,78.0832490945356,18.35,0.89,41.94,463.47,-60.73,0,0,0
2025-07-08T21:00:00,20.2961,85.8245,28.769431429858834,70.08741889568371,9.78,2.08,41.18,1826.37,-29.8,0,0,0
2025-07-08T22:00:00,20.2961,85.8245,33.43858161055555,76.43022017539153,20.54,0.0,39.28,390.36,-34.51,0,0,0
2025-07-08T23:00:00,20.2961,85.8245,29.4607974057625,62.616106627271044,18.67,0.0,39.91,1892.44,-42.64,0,0,0
2025-07-09T00:00:00,20.2961,85.8245,32.42757068263439,82.19850818421399,13.38,2.07,45.82,950.83,-30.29,0,0,0
2025-07-09T01:00:00,20.2961,85.8245,27.853243257284376,65.09700584839081,2.7,0.0,28.0,1185.86,-45.42,0,0,0
2025-07-09T02:00:00,20.2961,85.8245,29.139585397801127,89.14726748581532,26.57,9.95,37.74,741.32,-24.47,0,0,0
2025-07-09T03:00:00,20.2961,85.8245,24.423146215105252,61.79670299632871,33.15,36.09,62.11,3450.81,-46.44,1,0,0
2025-07-09T04:00:00,20.2961,85.8245,23.836767437118592,64.68794267900002,17.18,7.86,25.74,435.7,-28.02,0,0,0
2025-07-09T05:00:00,20.2961,85.8245,29.089388495364272,73.89107923787216,8.49,8.88,35.13,387.5,-39.67,0,0,0
2025-07-09T06:00:00,20.2961,85.8245,24.71328618046482,87.03742461337099,11.63,0.0,32.12,300.39,-35.25,0,0,0
2025-07-09T07:00:00,20.2961,85.8245,26.531432295444702,68.61947569361107,18.98,2.86,47.51,1333.62,-24.09,0,0,0
2025-07-09T08:00:00,20.2961,85.8245,28.694040036218965,85.9561056908023,10.47,0.0,41.17,1084.87,-30.14,0,0,0
2025-07-09T09:00:00,20.2961,85.8245,27.47271858406529,84.33739877561544,14.23,7.97,25.42,473.73,-32.96,0,0,0
2025-07-09T10:00:00,20.2961,85.8245,28.85351049219889,77.53665822280463,12.75,0.0,40.45,634.37,-40.1,0,0,0
2025-07-09T11:00:00,20.2961,85.8245,33.485090929207516,67.02157298936284,15.98,10.53,31.54,804.22,-43.64,0,0,0
2025-07-09T12:00:00,20.2961,85.8245,31.533367616214996,70.69054792919685,46.43,95.05,63.45,3102.7,-64.26,1,1,0
2025-07-09T13:00:00,20.2961,85.8245,33.6333262966228,73.93523227330172,9.76,1.83,43.7,515.47,-23.19,0,0,0
2025-07-09T14:00:00,20.2961,85.8245,22.797108337734947,70.95588741455535,15.6,3.07,42.83,1053.87,-41.15,0,0,0
2025-07-09T15:00:00,20.2961,85.8245,24.466837898261403,93.85246223828939,9.75,0.0,39.75,1648.62,-38.25,0,0,0
2025-07-09T16:00:00,20.2961,85.8245,29.88317827740862,78.61959113947736,5.86,1.79,21.58,409.58,-25.81,0,0,0
2025-07-09T17:00:00,20.2961,85.8245,32.350604486812216,60.09212544528559,11.56,6.5,42.57,1314.3,-42.39,0,0,0
2025-07-09T18:00:00,20.2961,85.8245,30.877911424966154,76.82499197695246,12.47,0.0,21.59,658.84,-33.13,0,0,0
2025-07-09T19:00:00,20.2961,85.8245,31.277098030601657,84.99304579397561,20.63,0.0,26.0,996.98,-39.26,0,0,0
2025-07-09T20:00:00,20.2961,85.8245,33.95824686745064,86.11892130225719,13.79,0.2,32.87,1209.09,-39.22,0,0,0
2025-07-09T21:00:00,20.2961,85.8245,30.955594558079287,61.26130821247156,21.09,0.0,50.86,1451.27,-27.9,0,0,0
2025-07-09T22:00:00,20.2961,85.8245,31.111168456697847,68.49502453795041,10.62,2.9,36.44,1273.17,-42.82,0,0,0
2025-07-09T23:00:00,20.2961,85.8245,27.019915553267772,66.14692629488007,18.3,5.89,44.03,1066.89,-44.83,0,0,0
2025-07-10T00:00:00,20.2961,85.8245,32.97255571143668,84.34742637058929,5.72,14.01,48.9,817.77,-51.5,0,0,0
2025-07-10T01:00:00,20.2961,85.8245,24.555659061041627,68.84992425668956,15.07,1.85,38.55,1356.09,-33.8,0,0,0
2025-07-10T02:00:00,20.2961,85.8245,29.388480958688284,74.51575308854979,19.52,3.52,35.24,1006.18,-48.84,0,0,0
2025-07-10T03:00:00,20.2961,85.8245,31.47832951008161,94.52337600701122,19.09,6.21,35.23,859.18,-19.93,0,0,0
2025-07-10T04:00:00,20.2961,85.8245,33.899688549559826,72.75434530983911,19.78,0.34,29.99,1043.48,-29.37,0,0,0
2025-07-10T05:00:00,20.2961,85.8245,24.735605938530423,76.64964273661697,14.83,7.03,48.4,299.24,-25.93,0,0,0
2025-07-10T06:00:00,20.2961,85.8245,26.265470093969384,90.06452368612409,19.93,0.0,50.31,1103.94,-21.09,0,0,0
2025-07-10T07:00:00,20.2961,85.8245,23.73393629203951,82.60830358892157,22.25,8.53,32.91,1174.05,-37.37,0,0,0
2025-07-10T08:00:00,20.2961,85.8245,31.06516079213843,89.71620796492155,3.54,0.0,46.58,1109.31,-35.29,0,0,0
2025-07-10T09:00:00,20.2961,85.8245,26.493769152824527,69.21772666493277,11.7,6.03,44.02,1018.76,-27.3,0,0,0
2025-07-10T10:00:00,20.2961,85.8245,33.48446869967698,72.79080196286458,2.38,10.1,41.62,338.19,-41.58,0,0,0
2025-07-10T11:00:00,20.2961,85.8245,26.04256851057358,88.41515949414044,21.29,0.39,43.77,1159.78,-30.98,0,0,0
2025-07-10T12:00:00,20.2961,85.8245,30.52493886848757,60.808873396372725,20.61,4.47,45.81,1465.44,-39.3,0,0,0
2025-07-10T13:00:00,20.2961,85.8245,27.97505991305481,65.89801252107145,21.52,7.1,29.87,816.32,-34.08,0,0,0
2025-07-10T14:00:00,20.2961,85.8245,31.958251674433136,78.61687439084558,16.68,0.0,30.0,2096.8,-39.0,0,0,0
2025-07-10T15:00:00,20.2961,85.8245,26.05253563130216,90.6076853263327,14.59,1.9,37.06,563.51,-37.56,0,0,0
2025-07-10T16:00:00,20.2961,85.8245,23.72646965180207,77.93499929818297,15.52,0.0,27.89,1484.01,-44.46,0,0,0
2025-07-10T17:00:00,20.2961,85.8245,26.621409184783044,83.34168853394736,22.64,0.0,29.77,1787.57,-39.09,0,0,0
2025-07-10T18:00:00,20.2961,85.8245,37.95898812672928,85.04270841173951,12.06,0.0,41.83,277.55,-13.29,0,0,0
2025-07-10T19:00:00,20.2961,85.8245,24.913415325852043,93.27141211600116,14.62,2.56,40.38,767.59,-40.51,0,0,0
2025-07-10T20:00:00,20.2961,85.8245,30.888912809076768,61.16962981467708,3.63,0.0,26.67,1650.51,-27.91,0,0,0
2025-07-10T21:00:00,20.2961,85.8245,29.478981696643775,91.41280922879238,13.87,1.34,36.34,1660.66,-51.08,0,0,0
2025-07-10T22:00:00,20.2961,85.8245,27.45269796641139,76.68184561780201,9.0,0.18,36.94,1287.55,-45.11,0,0,0
2025-07-10T23:00:00,20.2961,85.8245,29.4898581592404,77.61232958630401,16.83,5.23,48.04,1343.35,-32.6,0,0,0
2025-07-11T00:00:00,20.2961,85.8245,31.30277023084988,60.1868699689391,16.8,0.0,35.05,879.85,-39.45,0,0,0
2025-07-11T01:00:00,20.2961,85.8245,23.76088256112896,92.26844705464626,18.15,6.8,40.39,1371.22,-37.4,0,0,0
2025-07-11T02:00:00,20.2961,85.8245,30.783751414326673,86.50027031076037,6.99,10.66,34.93,749.07,-32.3,0,0,0
2025-07-11T03:00:00,20.2961,85.8245,25.463992291107434,78.43691175443222,0.0,6.45,45.28,955.17,-54.97,0,0,0
2025-07-11T04:00:00,20.2961,85.8245,27.73557548770612,83.8423240237542,11.7,3.44,28.99,573.16,-38.94,0,0,0
2025-07-11T05:00:00,20.2961,85.8245,27.038968838755828,61.9894199749336,9.84,5.55,38.19,1827.24,-25.77,0,0,0
2025-07-11T06:00:00,20.2961,85.8245,28.99017686283253,85.06608569347507,11.91,12.87,38.48,1162.09,-29.23,0,0,0
2025-07-11T07:00:00,20.2961,85.8245,25.810150970688518,88.97692217521725,12.59,0.0,49.93,758.66,-40.58,0,0,0
2025-07-11T08:00:00,20.2961,85.8245,29.134407369163817,84.6061094990946,16.1,0.0,48.71,119.87,-28.56,0,0,0
2025-07-11T09:00:00,20.2961,85.8245,26.801297574524668,84.65482675171202,11.86,0.0,32.17,576.74,-33.94,0,0,0
2025-07-11T10:00:00,20.2961,85.8245,28.116267078500012,62.553891652399074,17.76,0.0,30.69,991.13,-33.23,0,0,0
2025-07-11T11:00:00,20.2961,85.8245,25.04474557962083,61.3808183522942,18.66,4.59,37.77,1665.08,-26.24,0,0,0
2025-07-11T12:00:00,20.2961,85.8245,28.826517475082326,81.87228644259596,19.8,0.58,44.95,1963.91,-34.56,0,0,0
2025-07-11T13:00:00,20.2961,85.8245,28.252582261281315,69.80757424466998,20.35,8.76,43.42,1334.11,-34.5,0,0,0
2025-07-11T14:00:00,20.2961,85.8245,32.704637052159015,76.60139496926018,16.19,4.56,26.47,779.32,-36.67,0,0,0
2025-07-11T15:00:00,20.2961,85.8245,22.51521160028439,78.16113360778785,14.85,1.9,44.04,901.54,-43.07,0,0,0
2025-07-11T16:00:00,20.2961,85.8245,25.69024788358898,83.77608328597438,26.55,0.0,38.33,428.01,-39.58,0,0,0
2025-07-11T17:00:00,20.2961,85.8245,28.946400255796743,65.96961323022815,22.19,10.42,19.29,692.32,-45.52,0,0,0
2025-07-11T18:00:00,20.2961,85.8245,30.0476766876334,67.05115235276061,16.06,1.7,40.74,522.18,-32.04,0,0,0
2025-07-11T19:00:00,20.2961,85.8245,27.570559608645706,87.59931447028899,9.55,0.34,39.01,209.65,-42.16,0,0,0
2025-07-11T20:00:00,20.2961,85.8245,29.449418920823256,81.78805539444505,20.19,0.0,39.8,1030.58,-37.76,0,0,0
2025-07-11T21:00:00,20.2961,85.8245,30.19780822284253,66.78086265586838,25.86,4.35,41.48,39.66,-39.94,0,0,0
2025-07-11T22:00:00,20.2961,85.8245,28.62670764756857,87.05815495659891,23.52,7.32,38.73,141.02,-38.24,0,0,0
2025-07-11T23:00:00,20.2961,85.8245,24.546405374206827,69.3346200723025,14.24,4.77,45.79,754.09,-48.81,0,0,0
2025-07-12T00:00:00,20.2961,85.8245,29.012125873469483,83.85341104603276,21.48,3.16,43.28,926.32,-36.4,0,0,0
2025-07-12T01:00:00,20.2961,85.8245,26.394210708092874,73.4467964724092,5.3,2.82,47.2,1612.19,-39.67,0,0,0
2025-07-12T02:00:00,20.2961,85.8245,32.1883087985864,74.333146809755,12.31,14.62,40.86,974.8,-37.97,0,0,0
2025-07-12T03:00:00,20.2961,85.8245,26.575930236060707,78.28306423883804,16.44,2.14,43.31,902.29,-42.5,0,0,0
2025-07-12T04:00:00,20.2961,85.8245,29.523594225033452,93.37025386652422,41.95,199.84,70.06,4516.0,-54.59,1,1,1
2025-07-12T05:00:00,20.2961,85.8245,26.06204238414635,79.34946285946688,19.37,0.0,38.8,893.02,-13.96,0,0,0
2025-07-12T06:00:00,20.2961,85.8245,31.04666324273849,63.11511122939379,17.33,2.74,34.05,259.01,-47.65,0,0,0
2025-07-12T07:00:00,20.2961,85.8245,25.985072254700338,64.42905605496928,4.13,0.0,30.96,1255.87,-28.69,0,0,0
2025-07-12T08:00:00,20.2961,85.8245,20.61473880217424,88.73886847095307,24.08,48.91,51.94,3179.35,-58.09,1,0,0
2025-07-12T09:00:00,20.2961,85.8245,26.647508424920503,88.6489902966926,34.18,54.99,60.29,3867.0,-39.92,1,0,0
2025-07-12T10:00:00,20.2961,85.8245,31.762447597639987,94.91298109816636,15.04,0.0,48.11,168.08,-24.77,0,0,0
2025-07-12T11:00:00,20.2961,85.8245,30.963121878180853,68.8976240173341,19.09,9.81,27.38,986.58,-34.55,0,0,0
2025-07-12T12:00:00,20.2961,85.8245,29.193614189029166,77.68662116675581,11.17,13.49,35.49,870.17,-30.22,0,0,0
2025-07-12T13:00:00,20.2961,85.8245,27.515514183741125,94.05420831471068,10.42,0.0,38.32,2104.0,-35.26,0,0,0
2025-07-12T14:00:00,20.2961,85.8245,27.576944315331886,68.30611964713619,17.42,11.65,34.22,644.35,-23.62,0,0,0
2025-07-12T15:00:00,20.2961,85.8245,26.638022261935763,66.55939507943219,14.08,5.71,40.4,927.59,-27.87,0,0,0
